
nti45.elf:     file format elf32-avr

Sections:
Idx Name          Size      VMA       LMA       File off  Algn
  0 .text         00001fb6  00000000  00000000  00000074  2**1
                  CONTENTS, ALLOC, LOAD, READONLY, CODE
  1 .data         00000008  00800060  00001fb6  0000202a  2**0
                  CONTENTS, ALLOC, LOAD, DATA
  2 .stab         00001674  00000000  00000000  00002034  2**2
                  CONTENTS, READONLY, DEBUGGING
  3 .stabstr      000009ed  00000000  00000000  000036a8  2**0
                  CONTENTS, READONLY, DEBUGGING
  4 .debug_aranges 00000140  00000000  00000000  00004095  2**0
                  CONTENTS, READONLY, DEBUGGING
  5 .debug_pubnames 00000170  00000000  00000000  000041d5  2**0
                  CONTENTS, READONLY, DEBUGGING
  6 .debug_info   00001c49  00000000  00000000  00004345  2**0
                  CONTENTS, READONLY, DEBUGGING
  7 .debug_abbrev 00000eeb  00000000  00000000  00005f8e  2**0
                  CONTENTS, READONLY, DEBUGGING
  8 .debug_line   00000dad  00000000  00000000  00006e79  2**0
                  CONTENTS, READONLY, DEBUGGING
  9 .debug_frame  00000160  00000000  00000000  00007c28  2**2
                  CONTENTS, READONLY, DEBUGGING
 10 .debug_str    0000028d  00000000  00000000  00007d88  2**0
                  CONTENTS, READONLY, DEBUGGING
 11 .debug_loc    000007ce  00000000  00000000  00008015  2**0
                  CONTENTS, READONLY, DEBUGGING
 12 .debug_ranges 00000050  00000000  00000000  000087e3  2**0
                  CONTENTS, READONLY, DEBUGGING

Disassembly of section .text:

00000000 <__vectors>:
       0:	0c 94 2a 00 	jmp	0x54	; 0x54 <__ctors_end>
       4:	0c 94 3f 00 	jmp	0x7e	; 0x7e <__bad_interrupt>
       8:	0c 94 3f 00 	jmp	0x7e	; 0x7e <__bad_interrupt>
       c:	0c 94 3f 00 	jmp	0x7e	; 0x7e <__bad_interrupt>
      10:	0c 94 3f 00 	jmp	0x7e	; 0x7e <__bad_interrupt>
      14:	0c 94 3f 00 	jmp	0x7e	; 0x7e <__bad_interrupt>
      18:	0c 94 3f 00 	jmp	0x7e	; 0x7e <__bad_interrupt>
      1c:	0c 94 3f 00 	jmp	0x7e	; 0x7e <__bad_interrupt>
      20:	0c 94 3f 00 	jmp	0x7e	; 0x7e <__bad_interrupt>
      24:	0c 94 3f 00 	jmp	0x7e	; 0x7e <__bad_interrupt>
      28:	0c 94 3f 00 	jmp	0x7e	; 0x7e <__bad_interrupt>
      2c:	0c 94 3f 00 	jmp	0x7e	; 0x7e <__bad_interrupt>
      30:	0c 94 3f 00 	jmp	0x7e	; 0x7e <__bad_interrupt>
      34:	0c 94 3f 00 	jmp	0x7e	; 0x7e <__bad_interrupt>
      38:	0c 94 3f 00 	jmp	0x7e	; 0x7e <__bad_interrupt>
      3c:	0c 94 3f 00 	jmp	0x7e	; 0x7e <__bad_interrupt>
      40:	0c 94 3f 00 	jmp	0x7e	; 0x7e <__bad_interrupt>
      44:	0c 94 3f 00 	jmp	0x7e	; 0x7e <__bad_interrupt>
      48:	0c 94 3f 00 	jmp	0x7e	; 0x7e <__bad_interrupt>
      4c:	0c 94 3f 00 	jmp	0x7e	; 0x7e <__bad_interrupt>
      50:	0c 94 3f 00 	jmp	0x7e	; 0x7e <__bad_interrupt>

00000054 <__ctors_end>:
      54:	11 24       	eor	r1, r1
      56:	1f be       	out	0x3f, r1	; 63
      58:	cf e5       	ldi	r28, 0x5F	; 95
      5a:	d8 e0       	ldi	r29, 0x08	; 8
      5c:	de bf       	out	0x3e, r29	; 62
      5e:	cd bf       	out	0x3d, r28	; 61

00000060 <__do_copy_data>:
      60:	10 e0       	ldi	r17, 0x00	; 0
      62:	a0 e6       	ldi	r26, 0x60	; 96
      64:	b0 e0       	ldi	r27, 0x00	; 0
      66:	e6 eb       	ldi	r30, 0xB6	; 182
      68:	ff e1       	ldi	r31, 0x1F	; 31
      6a:	02 c0       	rjmp	.+4      	; 0x70 <.do_copy_data_start>

0000006c <.do_copy_data_loop>:
      6c:	05 90       	lpm	r0, Z+
      6e:	0d 92       	st	X+, r0

00000070 <.do_copy_data_start>:
      70:	a8 36       	cpi	r26, 0x68	; 104
      72:	b1 07       	cpc	r27, r17
      74:	d9 f7       	brne	.-10     	; 0x6c <.do_copy_data_loop>
      76:	0e 94 8a 0f 	call	0x1f14	; 0x1f14 <main>
      7a:	0c 94 d9 0f 	jmp	0x1fb2	; 0x1fb2 <_exit>

0000007e <__bad_interrupt>:
      7e:	0c 94 00 00 	jmp	0	; 0x0 <__vectors>

00000082 <__fixunssfsi>:
      82:	ef 92       	push	r14
      84:	ff 92       	push	r15
      86:	0f 93       	push	r16
      88:	1f 93       	push	r17
      8a:	7b 01       	movw	r14, r22
      8c:	8c 01       	movw	r16, r24
      8e:	20 e0       	ldi	r18, 0x00	; 0
      90:	30 e0       	ldi	r19, 0x00	; 0
      92:	40 e0       	ldi	r20, 0x00	; 0
      94:	5f e4       	ldi	r21, 0x4F	; 79
      96:	0e 94 41 03 	call	0x682	; 0x682 <__gesf2>
      9a:	88 23       	and	r24, r24
      9c:	8c f0       	brlt	.+34     	; 0xc0 <__fixunssfsi+0x3e>
      9e:	c8 01       	movw	r24, r16
      a0:	b7 01       	movw	r22, r14
      a2:	20 e0       	ldi	r18, 0x00	; 0
      a4:	30 e0       	ldi	r19, 0x00	; 0
      a6:	40 e0       	ldi	r20, 0x00	; 0
      a8:	5f e4       	ldi	r21, 0x4F	; 79
      aa:	0e 94 b9 01 	call	0x372	; 0x372 <__subsf3>
      ae:	0e 94 a1 03 	call	0x742	; 0x742 <__fixsfsi>
      b2:	9b 01       	movw	r18, r22
      b4:	ac 01       	movw	r20, r24
      b6:	20 50       	subi	r18, 0x00	; 0
      b8:	30 40       	sbci	r19, 0x00	; 0
      ba:	40 40       	sbci	r20, 0x00	; 0
      bc:	50 48       	sbci	r21, 0x80	; 128
      be:	06 c0       	rjmp	.+12     	; 0xcc <__fixunssfsi+0x4a>
      c0:	c8 01       	movw	r24, r16
      c2:	b7 01       	movw	r22, r14
      c4:	0e 94 a1 03 	call	0x742	; 0x742 <__fixsfsi>
      c8:	9b 01       	movw	r18, r22
      ca:	ac 01       	movw	r20, r24
      cc:	b9 01       	movw	r22, r18
      ce:	ca 01       	movw	r24, r20
      d0:	1f 91       	pop	r17
      d2:	0f 91       	pop	r16
      d4:	ff 90       	pop	r15
      d6:	ef 90       	pop	r14
      d8:	08 95       	ret

000000da <_fpadd_parts>:
      da:	a0 e0       	ldi	r26, 0x00	; 0
      dc:	b0 e0       	ldi	r27, 0x00	; 0
      de:	e3 e7       	ldi	r30, 0x73	; 115
      e0:	f0 e0       	ldi	r31, 0x00	; 0
      e2:	0c 94 a2 0f 	jmp	0x1f44	; 0x1f44 <__prologue_saves__>
      e6:	dc 01       	movw	r26, r24
      e8:	2b 01       	movw	r4, r22
      ea:	fa 01       	movw	r30, r20
      ec:	9c 91       	ld	r25, X
      ee:	92 30       	cpi	r25, 0x02	; 2
      f0:	08 f4       	brcc	.+2      	; 0xf4 <_fpadd_parts+0x1a>
      f2:	39 c1       	rjmp	.+626    	; 0x366 <_fpadd_parts+0x28c>
      f4:	eb 01       	movw	r28, r22
      f6:	88 81       	ld	r24, Y
      f8:	82 30       	cpi	r24, 0x02	; 2
      fa:	08 f4       	brcc	.+2      	; 0xfe <_fpadd_parts+0x24>
      fc:	33 c1       	rjmp	.+614    	; 0x364 <_fpadd_parts+0x28a>
      fe:	94 30       	cpi	r25, 0x04	; 4
     100:	69 f4       	brne	.+26     	; 0x11c <_fpadd_parts+0x42>
     102:	84 30       	cpi	r24, 0x04	; 4
     104:	09 f0       	breq	.+2      	; 0x108 <_fpadd_parts+0x2e>
     106:	2f c1       	rjmp	.+606    	; 0x366 <_fpadd_parts+0x28c>
     108:	11 96       	adiw	r26, 0x01	; 1
     10a:	9c 91       	ld	r25, X
     10c:	11 97       	sbiw	r26, 0x01	; 1
     10e:	89 81       	ldd	r24, Y+1	; 0x01
     110:	98 17       	cp	r25, r24
     112:	09 f4       	brne	.+2      	; 0x116 <_fpadd_parts+0x3c>
     114:	28 c1       	rjmp	.+592    	; 0x366 <_fpadd_parts+0x28c>
     116:	a0 e6       	ldi	r26, 0x60	; 96
     118:	b0 e0       	ldi	r27, 0x00	; 0
     11a:	25 c1       	rjmp	.+586    	; 0x366 <_fpadd_parts+0x28c>
     11c:	84 30       	cpi	r24, 0x04	; 4
     11e:	09 f4       	brne	.+2      	; 0x122 <_fpadd_parts+0x48>
     120:	21 c1       	rjmp	.+578    	; 0x364 <_fpadd_parts+0x28a>
     122:	82 30       	cpi	r24, 0x02	; 2
     124:	a9 f4       	brne	.+42     	; 0x150 <_fpadd_parts+0x76>
     126:	92 30       	cpi	r25, 0x02	; 2
     128:	09 f0       	breq	.+2      	; 0x12c <_fpadd_parts+0x52>
     12a:	1d c1       	rjmp	.+570    	; 0x366 <_fpadd_parts+0x28c>
     12c:	9a 01       	movw	r18, r20
     12e:	ad 01       	movw	r20, r26
     130:	88 e0       	ldi	r24, 0x08	; 8
     132:	ea 01       	movw	r28, r20
     134:	09 90       	ld	r0, Y+
     136:	ae 01       	movw	r20, r28
     138:	e9 01       	movw	r28, r18
     13a:	09 92       	st	Y+, r0
     13c:	9e 01       	movw	r18, r28
     13e:	81 50       	subi	r24, 0x01	; 1
     140:	c1 f7       	brne	.-16     	; 0x132 <_fpadd_parts+0x58>
     142:	e2 01       	movw	r28, r4
     144:	89 81       	ldd	r24, Y+1	; 0x01
     146:	11 96       	adiw	r26, 0x01	; 1
     148:	9c 91       	ld	r25, X
     14a:	89 23       	and	r24, r25
     14c:	81 83       	std	Z+1, r24	; 0x01
     14e:	08 c1       	rjmp	.+528    	; 0x360 <_fpadd_parts+0x286>
     150:	92 30       	cpi	r25, 0x02	; 2
     152:	09 f4       	brne	.+2      	; 0x156 <_fpadd_parts+0x7c>
     154:	07 c1       	rjmp	.+526    	; 0x364 <_fpadd_parts+0x28a>
     156:	12 96       	adiw	r26, 0x02	; 2
     158:	2d 90       	ld	r2, X+
     15a:	3c 90       	ld	r3, X
     15c:	13 97       	sbiw	r26, 0x03	; 3
     15e:	eb 01       	movw	r28, r22
     160:	8a 81       	ldd	r24, Y+2	; 0x02
     162:	9b 81       	ldd	r25, Y+3	; 0x03
     164:	14 96       	adiw	r26, 0x04	; 4
     166:	ad 90       	ld	r10, X+
     168:	bd 90       	ld	r11, X+
     16a:	cd 90       	ld	r12, X+
     16c:	dc 90       	ld	r13, X
     16e:	17 97       	sbiw	r26, 0x07	; 7
     170:	ec 80       	ldd	r14, Y+4	; 0x04
     172:	fd 80       	ldd	r15, Y+5	; 0x05
     174:	0e 81       	ldd	r16, Y+6	; 0x06
     176:	1f 81       	ldd	r17, Y+7	; 0x07
     178:	91 01       	movw	r18, r2
     17a:	28 1b       	sub	r18, r24
     17c:	39 0b       	sbc	r19, r25
     17e:	b9 01       	movw	r22, r18
     180:	37 ff       	sbrs	r19, 7
     182:	04 c0       	rjmp	.+8      	; 0x18c <_fpadd_parts+0xb2>
     184:	66 27       	eor	r22, r22
     186:	77 27       	eor	r23, r23
     188:	62 1b       	sub	r22, r18
     18a:	73 0b       	sbc	r23, r19
     18c:	60 32       	cpi	r22, 0x20	; 32
     18e:	71 05       	cpc	r23, r1
     190:	0c f0       	brlt	.+2      	; 0x194 <_fpadd_parts+0xba>
     192:	61 c0       	rjmp	.+194    	; 0x256 <_fpadd_parts+0x17c>
     194:	12 16       	cp	r1, r18
     196:	13 06       	cpc	r1, r19
     198:	6c f5       	brge	.+90     	; 0x1f4 <_fpadd_parts+0x11a>
     19a:	37 01       	movw	r6, r14
     19c:	48 01       	movw	r8, r16
     19e:	06 2e       	mov	r0, r22
     1a0:	04 c0       	rjmp	.+8      	; 0x1aa <_fpadd_parts+0xd0>
     1a2:	96 94       	lsr	r9
     1a4:	87 94       	ror	r8
     1a6:	77 94       	ror	r7
     1a8:	67 94       	ror	r6
     1aa:	0a 94       	dec	r0
     1ac:	d2 f7       	brpl	.-12     	; 0x1a2 <_fpadd_parts+0xc8>
     1ae:	21 e0       	ldi	r18, 0x01	; 1
     1b0:	30 e0       	ldi	r19, 0x00	; 0
     1b2:	40 e0       	ldi	r20, 0x00	; 0
     1b4:	50 e0       	ldi	r21, 0x00	; 0
     1b6:	04 c0       	rjmp	.+8      	; 0x1c0 <_fpadd_parts+0xe6>
     1b8:	22 0f       	add	r18, r18
     1ba:	33 1f       	adc	r19, r19
     1bc:	44 1f       	adc	r20, r20
     1be:	55 1f       	adc	r21, r21
     1c0:	6a 95       	dec	r22
     1c2:	d2 f7       	brpl	.-12     	; 0x1b8 <_fpadd_parts+0xde>
     1c4:	21 50       	subi	r18, 0x01	; 1
     1c6:	30 40       	sbci	r19, 0x00	; 0
     1c8:	40 40       	sbci	r20, 0x00	; 0
     1ca:	50 40       	sbci	r21, 0x00	; 0
     1cc:	2e 21       	and	r18, r14
     1ce:	3f 21       	and	r19, r15
     1d0:	40 23       	and	r20, r16
     1d2:	51 23       	and	r21, r17
     1d4:	21 15       	cp	r18, r1
     1d6:	31 05       	cpc	r19, r1
     1d8:	41 05       	cpc	r20, r1
     1da:	51 05       	cpc	r21, r1
     1dc:	21 f0       	breq	.+8      	; 0x1e6 <_fpadd_parts+0x10c>
     1de:	21 e0       	ldi	r18, 0x01	; 1
     1e0:	30 e0       	ldi	r19, 0x00	; 0
     1e2:	40 e0       	ldi	r20, 0x00	; 0
     1e4:	50 e0       	ldi	r21, 0x00	; 0
     1e6:	79 01       	movw	r14, r18
     1e8:	8a 01       	movw	r16, r20
     1ea:	e6 28       	or	r14, r6
     1ec:	f7 28       	or	r15, r7
     1ee:	08 29       	or	r16, r8
     1f0:	19 29       	or	r17, r9
     1f2:	3c c0       	rjmp	.+120    	; 0x26c <_fpadd_parts+0x192>
     1f4:	23 2b       	or	r18, r19
     1f6:	d1 f1       	breq	.+116    	; 0x26c <_fpadd_parts+0x192>
     1f8:	26 0e       	add	r2, r22
     1fa:	37 1e       	adc	r3, r23
     1fc:	35 01       	movw	r6, r10
     1fe:	46 01       	movw	r8, r12
     200:	06 2e       	mov	r0, r22
     202:	04 c0       	rjmp	.+8      	; 0x20c <_fpadd_parts+0x132>
     204:	96 94       	lsr	r9
     206:	87 94       	ror	r8
     208:	77 94       	ror	r7
     20a:	67 94       	ror	r6
     20c:	0a 94       	dec	r0
     20e:	d2 f7       	brpl	.-12     	; 0x204 <_fpadd_parts+0x12a>
     210:	21 e0       	ldi	r18, 0x01	; 1
     212:	30 e0       	ldi	r19, 0x00	; 0
     214:	40 e0       	ldi	r20, 0x00	; 0
     216:	50 e0       	ldi	r21, 0x00	; 0
     218:	04 c0       	rjmp	.+8      	; 0x222 <_fpadd_parts+0x148>
     21a:	22 0f       	add	r18, r18
     21c:	33 1f       	adc	r19, r19
     21e:	44 1f       	adc	r20, r20
     220:	55 1f       	adc	r21, r21
     222:	6a 95       	dec	r22
     224:	d2 f7       	brpl	.-12     	; 0x21a <_fpadd_parts+0x140>
     226:	21 50       	subi	r18, 0x01	; 1
     228:	30 40       	sbci	r19, 0x00	; 0
     22a:	40 40       	sbci	r20, 0x00	; 0
     22c:	50 40       	sbci	r21, 0x00	; 0
     22e:	2a 21       	and	r18, r10
     230:	3b 21       	and	r19, r11
     232:	4c 21       	and	r20, r12
     234:	5d 21       	and	r21, r13
     236:	21 15       	cp	r18, r1
     238:	31 05       	cpc	r19, r1
     23a:	41 05       	cpc	r20, r1
     23c:	51 05       	cpc	r21, r1
     23e:	21 f0       	breq	.+8      	; 0x248 <_fpadd_parts+0x16e>
     240:	21 e0       	ldi	r18, 0x01	; 1
     242:	30 e0       	ldi	r19, 0x00	; 0
     244:	40 e0       	ldi	r20, 0x00	; 0
     246:	50 e0       	ldi	r21, 0x00	; 0
     248:	59 01       	movw	r10, r18
     24a:	6a 01       	movw	r12, r20
     24c:	a6 28       	or	r10, r6
     24e:	b7 28       	or	r11, r7
     250:	c8 28       	or	r12, r8
     252:	d9 28       	or	r13, r9
     254:	0b c0       	rjmp	.+22     	; 0x26c <_fpadd_parts+0x192>
     256:	82 15       	cp	r24, r2
     258:	93 05       	cpc	r25, r3
     25a:	2c f0       	brlt	.+10     	; 0x266 <_fpadd_parts+0x18c>
     25c:	1c 01       	movw	r2, r24
     25e:	aa 24       	eor	r10, r10
     260:	bb 24       	eor	r11, r11
     262:	65 01       	movw	r12, r10
     264:	03 c0       	rjmp	.+6      	; 0x26c <_fpadd_parts+0x192>
     266:	ee 24       	eor	r14, r14
     268:	ff 24       	eor	r15, r15
     26a:	87 01       	movw	r16, r14
     26c:	11 96       	adiw	r26, 0x01	; 1
     26e:	9c 91       	ld	r25, X
     270:	d2 01       	movw	r26, r4
     272:	11 96       	adiw	r26, 0x01	; 1
     274:	8c 91       	ld	r24, X
     276:	98 17       	cp	r25, r24
     278:	09 f4       	brne	.+2      	; 0x27c <_fpadd_parts+0x1a2>
     27a:	45 c0       	rjmp	.+138    	; 0x306 <_fpadd_parts+0x22c>
     27c:	99 23       	and	r25, r25
     27e:	39 f0       	breq	.+14     	; 0x28e <_fpadd_parts+0x1b4>
     280:	a8 01       	movw	r20, r16
     282:	97 01       	movw	r18, r14
     284:	2a 19       	sub	r18, r10
     286:	3b 09       	sbc	r19, r11
     288:	4c 09       	sbc	r20, r12
     28a:	5d 09       	sbc	r21, r13
     28c:	06 c0       	rjmp	.+12     	; 0x29a <_fpadd_parts+0x1c0>
     28e:	a6 01       	movw	r20, r12
     290:	95 01       	movw	r18, r10
     292:	2e 19       	sub	r18, r14
     294:	3f 09       	sbc	r19, r15
     296:	40 0b       	sbc	r20, r16
     298:	51 0b       	sbc	r21, r17
     29a:	57 fd       	sbrc	r21, 7
     29c:	08 c0       	rjmp	.+16     	; 0x2ae <_fpadd_parts+0x1d4>
     29e:	11 82       	std	Z+1, r1	; 0x01
     2a0:	33 82       	std	Z+3, r3	; 0x03
     2a2:	22 82       	std	Z+2, r2	; 0x02
     2a4:	24 83       	std	Z+4, r18	; 0x04
     2a6:	35 83       	std	Z+5, r19	; 0x05
     2a8:	46 83       	std	Z+6, r20	; 0x06
     2aa:	57 83       	std	Z+7, r21	; 0x07
     2ac:	1d c0       	rjmp	.+58     	; 0x2e8 <_fpadd_parts+0x20e>
     2ae:	81 e0       	ldi	r24, 0x01	; 1
     2b0:	81 83       	std	Z+1, r24	; 0x01
     2b2:	33 82       	std	Z+3, r3	; 0x03
     2b4:	22 82       	std	Z+2, r2	; 0x02
     2b6:	88 27       	eor	r24, r24
     2b8:	99 27       	eor	r25, r25
     2ba:	dc 01       	movw	r26, r24
     2bc:	82 1b       	sub	r24, r18
     2be:	93 0b       	sbc	r25, r19
     2c0:	a4 0b       	sbc	r26, r20
     2c2:	b5 0b       	sbc	r27, r21
     2c4:	84 83       	std	Z+4, r24	; 0x04
     2c6:	95 83       	std	Z+5, r25	; 0x05
     2c8:	a6 83       	std	Z+6, r26	; 0x06
     2ca:	b7 83       	std	Z+7, r27	; 0x07
     2cc:	0d c0       	rjmp	.+26     	; 0x2e8 <_fpadd_parts+0x20e>
     2ce:	22 0f       	add	r18, r18
     2d0:	33 1f       	adc	r19, r19
     2d2:	44 1f       	adc	r20, r20
     2d4:	55 1f       	adc	r21, r21
     2d6:	24 83       	std	Z+4, r18	; 0x04
     2d8:	35 83       	std	Z+5, r19	; 0x05
     2da:	46 83       	std	Z+6, r20	; 0x06
     2dc:	57 83       	std	Z+7, r21	; 0x07
     2de:	82 81       	ldd	r24, Z+2	; 0x02
     2e0:	93 81       	ldd	r25, Z+3	; 0x03
     2e2:	01 97       	sbiw	r24, 0x01	; 1
     2e4:	93 83       	std	Z+3, r25	; 0x03
     2e6:	82 83       	std	Z+2, r24	; 0x02
     2e8:	24 81       	ldd	r18, Z+4	; 0x04
     2ea:	35 81       	ldd	r19, Z+5	; 0x05
     2ec:	46 81       	ldd	r20, Z+6	; 0x06
     2ee:	57 81       	ldd	r21, Z+7	; 0x07
     2f0:	da 01       	movw	r26, r20
     2f2:	c9 01       	movw	r24, r18
     2f4:	01 97       	sbiw	r24, 0x01	; 1
     2f6:	a1 09       	sbc	r26, r1
     2f8:	b1 09       	sbc	r27, r1
     2fa:	8f 5f       	subi	r24, 0xFF	; 255
     2fc:	9f 4f       	sbci	r25, 0xFF	; 255
     2fe:	af 4f       	sbci	r26, 0xFF	; 255
     300:	bf 43       	sbci	r27, 0x3F	; 63
     302:	28 f3       	brcs	.-54     	; 0x2ce <_fpadd_parts+0x1f4>
     304:	0b c0       	rjmp	.+22     	; 0x31c <_fpadd_parts+0x242>
     306:	91 83       	std	Z+1, r25	; 0x01
     308:	33 82       	std	Z+3, r3	; 0x03
     30a:	22 82       	std	Z+2, r2	; 0x02
     30c:	ea 0c       	add	r14, r10
     30e:	fb 1c       	adc	r15, r11
     310:	0c 1d       	adc	r16, r12
     312:	1d 1d       	adc	r17, r13
     314:	e4 82       	std	Z+4, r14	; 0x04
     316:	f5 82       	std	Z+5, r15	; 0x05
     318:	06 83       	std	Z+6, r16	; 0x06
     31a:	17 83       	std	Z+7, r17	; 0x07
     31c:	83 e0       	ldi	r24, 0x03	; 3
     31e:	80 83       	st	Z, r24
     320:	24 81       	ldd	r18, Z+4	; 0x04
     322:	35 81       	ldd	r19, Z+5	; 0x05
     324:	46 81       	ldd	r20, Z+6	; 0x06
     326:	57 81       	ldd	r21, Z+7	; 0x07
     328:	57 ff       	sbrs	r21, 7
     32a:	1a c0       	rjmp	.+52     	; 0x360 <_fpadd_parts+0x286>
     32c:	c9 01       	movw	r24, r18
     32e:	aa 27       	eor	r26, r26
     330:	97 fd       	sbrc	r25, 7
     332:	a0 95       	com	r26
     334:	ba 2f       	mov	r27, r26
     336:	81 70       	andi	r24, 0x01	; 1
     338:	90 70       	andi	r25, 0x00	; 0
     33a:	a0 70       	andi	r26, 0x00	; 0
     33c:	b0 70       	andi	r27, 0x00	; 0
     33e:	56 95       	lsr	r21
     340:	47 95       	ror	r20
     342:	37 95       	ror	r19
     344:	27 95       	ror	r18
     346:	82 2b       	or	r24, r18
     348:	93 2b       	or	r25, r19
     34a:	a4 2b       	or	r26, r20
     34c:	b5 2b       	or	r27, r21
     34e:	84 83       	std	Z+4, r24	; 0x04
     350:	95 83       	std	Z+5, r25	; 0x05
     352:	a6 83       	std	Z+6, r26	; 0x06
     354:	b7 83       	std	Z+7, r27	; 0x07
     356:	82 81       	ldd	r24, Z+2	; 0x02
     358:	93 81       	ldd	r25, Z+3	; 0x03
     35a:	01 96       	adiw	r24, 0x01	; 1
     35c:	93 83       	std	Z+3, r25	; 0x03
     35e:	82 83       	std	Z+2, r24	; 0x02
     360:	df 01       	movw	r26, r30
     362:	01 c0       	rjmp	.+2      	; 0x366 <_fpadd_parts+0x28c>
     364:	d2 01       	movw	r26, r4
     366:	cd 01       	movw	r24, r26
     368:	cd b7       	in	r28, 0x3d	; 61
     36a:	de b7       	in	r29, 0x3e	; 62
     36c:	e2 e1       	ldi	r30, 0x12	; 18
     36e:	0c 94 be 0f 	jmp	0x1f7c	; 0x1f7c <__epilogue_restores__>

00000372 <__subsf3>:
     372:	a0 e2       	ldi	r26, 0x20	; 32
     374:	b0 e0       	ldi	r27, 0x00	; 0
     376:	ef eb       	ldi	r30, 0xBF	; 191
     378:	f1 e0       	ldi	r31, 0x01	; 1
     37a:	0c 94 ae 0f 	jmp	0x1f5c	; 0x1f5c <__prologue_saves__+0x18>
     37e:	69 83       	std	Y+1, r22	; 0x01
     380:	7a 83       	std	Y+2, r23	; 0x02
     382:	8b 83       	std	Y+3, r24	; 0x03
     384:	9c 83       	std	Y+4, r25	; 0x04
     386:	2d 83       	std	Y+5, r18	; 0x05
     388:	3e 83       	std	Y+6, r19	; 0x06
     38a:	4f 83       	std	Y+7, r20	; 0x07
     38c:	58 87       	std	Y+8, r21	; 0x08
     38e:	e9 e0       	ldi	r30, 0x09	; 9
     390:	ee 2e       	mov	r14, r30
     392:	f1 2c       	mov	r15, r1
     394:	ec 0e       	add	r14, r28
     396:	fd 1e       	adc	r15, r29
     398:	ce 01       	movw	r24, r28
     39a:	01 96       	adiw	r24, 0x01	; 1
     39c:	b7 01       	movw	r22, r14
     39e:	0e 94 ca 04 	call	0x994	; 0x994 <__unpack_f>
     3a2:	8e 01       	movw	r16, r28
     3a4:	0f 5e       	subi	r16, 0xEF	; 239
     3a6:	1f 4f       	sbci	r17, 0xFF	; 255
     3a8:	ce 01       	movw	r24, r28
     3aa:	05 96       	adiw	r24, 0x05	; 5
     3ac:	b8 01       	movw	r22, r16
     3ae:	0e 94 ca 04 	call	0x994	; 0x994 <__unpack_f>
     3b2:	8a 89       	ldd	r24, Y+18	; 0x12
     3b4:	91 e0       	ldi	r25, 0x01	; 1
     3b6:	89 27       	eor	r24, r25
     3b8:	8a 8b       	std	Y+18, r24	; 0x12
     3ba:	c7 01       	movw	r24, r14
     3bc:	b8 01       	movw	r22, r16
     3be:	ae 01       	movw	r20, r28
     3c0:	47 5e       	subi	r20, 0xE7	; 231
     3c2:	5f 4f       	sbci	r21, 0xFF	; 255
     3c4:	0e 94 6d 00 	call	0xda	; 0xda <_fpadd_parts>
     3c8:	0e 94 f5 03 	call	0x7ea	; 0x7ea <__pack_f>
     3cc:	a0 96       	adiw	r28, 0x20	; 32
     3ce:	e6 e0       	ldi	r30, 0x06	; 6
     3d0:	0c 94 ca 0f 	jmp	0x1f94	; 0x1f94 <__epilogue_restores__+0x18>

000003d4 <__addsf3>:
     3d4:	a0 e2       	ldi	r26, 0x20	; 32
     3d6:	b0 e0       	ldi	r27, 0x00	; 0
     3d8:	e0 ef       	ldi	r30, 0xF0	; 240
     3da:	f1 e0       	ldi	r31, 0x01	; 1
     3dc:	0c 94 ae 0f 	jmp	0x1f5c	; 0x1f5c <__prologue_saves__+0x18>
     3e0:	69 83       	std	Y+1, r22	; 0x01
     3e2:	7a 83       	std	Y+2, r23	; 0x02
     3e4:	8b 83       	std	Y+3, r24	; 0x03
     3e6:	9c 83       	std	Y+4, r25	; 0x04
     3e8:	2d 83       	std	Y+5, r18	; 0x05
     3ea:	3e 83       	std	Y+6, r19	; 0x06
     3ec:	4f 83       	std	Y+7, r20	; 0x07
     3ee:	58 87       	std	Y+8, r21	; 0x08
     3f0:	f9 e0       	ldi	r31, 0x09	; 9
     3f2:	ef 2e       	mov	r14, r31
     3f4:	f1 2c       	mov	r15, r1
     3f6:	ec 0e       	add	r14, r28
     3f8:	fd 1e       	adc	r15, r29
     3fa:	ce 01       	movw	r24, r28
     3fc:	01 96       	adiw	r24, 0x01	; 1
     3fe:	b7 01       	movw	r22, r14
     400:	0e 94 ca 04 	call	0x994	; 0x994 <__unpack_f>
     404:	8e 01       	movw	r16, r28
     406:	0f 5e       	subi	r16, 0xEF	; 239
     408:	1f 4f       	sbci	r17, 0xFF	; 255
     40a:	ce 01       	movw	r24, r28
     40c:	05 96       	adiw	r24, 0x05	; 5
     40e:	b8 01       	movw	r22, r16
     410:	0e 94 ca 04 	call	0x994	; 0x994 <__unpack_f>
     414:	c7 01       	movw	r24, r14
     416:	b8 01       	movw	r22, r16
     418:	ae 01       	movw	r20, r28
     41a:	47 5e       	subi	r20, 0xE7	; 231
     41c:	5f 4f       	sbci	r21, 0xFF	; 255
     41e:	0e 94 6d 00 	call	0xda	; 0xda <_fpadd_parts>
     422:	0e 94 f5 03 	call	0x7ea	; 0x7ea <__pack_f>
     426:	a0 96       	adiw	r28, 0x20	; 32
     428:	e6 e0       	ldi	r30, 0x06	; 6
     42a:	0c 94 ca 0f 	jmp	0x1f94	; 0x1f94 <__epilogue_restores__+0x18>

0000042e <__mulsf3>:
     42e:	a0 e2       	ldi	r26, 0x20	; 32
     430:	b0 e0       	ldi	r27, 0x00	; 0
     432:	ed e1       	ldi	r30, 0x1D	; 29
     434:	f2 e0       	ldi	r31, 0x02	; 2
     436:	0c 94 a2 0f 	jmp	0x1f44	; 0x1f44 <__prologue_saves__>
     43a:	69 83       	std	Y+1, r22	; 0x01
     43c:	7a 83       	std	Y+2, r23	; 0x02
     43e:	8b 83       	std	Y+3, r24	; 0x03
     440:	9c 83       	std	Y+4, r25	; 0x04
     442:	2d 83       	std	Y+5, r18	; 0x05
     444:	3e 83       	std	Y+6, r19	; 0x06
     446:	4f 83       	std	Y+7, r20	; 0x07
     448:	58 87       	std	Y+8, r21	; 0x08
     44a:	ce 01       	movw	r24, r28
     44c:	01 96       	adiw	r24, 0x01	; 1
     44e:	be 01       	movw	r22, r28
     450:	67 5f       	subi	r22, 0xF7	; 247
     452:	7f 4f       	sbci	r23, 0xFF	; 255
     454:	0e 94 ca 04 	call	0x994	; 0x994 <__unpack_f>
     458:	ce 01       	movw	r24, r28
     45a:	05 96       	adiw	r24, 0x05	; 5
     45c:	be 01       	movw	r22, r28
     45e:	6f 5e       	subi	r22, 0xEF	; 239
     460:	7f 4f       	sbci	r23, 0xFF	; 255
     462:	0e 94 ca 04 	call	0x994	; 0x994 <__unpack_f>
     466:	99 85       	ldd	r25, Y+9	; 0x09
     468:	92 30       	cpi	r25, 0x02	; 2
     46a:	88 f0       	brcs	.+34     	; 0x48e <__mulsf3+0x60>
     46c:	89 89       	ldd	r24, Y+17	; 0x11
     46e:	82 30       	cpi	r24, 0x02	; 2
     470:	c8 f0       	brcs	.+50     	; 0x4a4 <__mulsf3+0x76>
     472:	94 30       	cpi	r25, 0x04	; 4
     474:	19 f4       	brne	.+6      	; 0x47c <__mulsf3+0x4e>
     476:	82 30       	cpi	r24, 0x02	; 2
     478:	51 f4       	brne	.+20     	; 0x48e <__mulsf3+0x60>
     47a:	04 c0       	rjmp	.+8      	; 0x484 <__mulsf3+0x56>
     47c:	84 30       	cpi	r24, 0x04	; 4
     47e:	29 f4       	brne	.+10     	; 0x48a <__mulsf3+0x5c>
     480:	92 30       	cpi	r25, 0x02	; 2
     482:	81 f4       	brne	.+32     	; 0x4a4 <__mulsf3+0x76>
     484:	80 e6       	ldi	r24, 0x60	; 96
     486:	90 e0       	ldi	r25, 0x00	; 0
     488:	c6 c0       	rjmp	.+396    	; 0x616 <__mulsf3+0x1e8>
     48a:	92 30       	cpi	r25, 0x02	; 2
     48c:	49 f4       	brne	.+18     	; 0x4a0 <__mulsf3+0x72>
     48e:	20 e0       	ldi	r18, 0x00	; 0
     490:	9a 85       	ldd	r25, Y+10	; 0x0a
     492:	8a 89       	ldd	r24, Y+18	; 0x12
     494:	98 13       	cpse	r25, r24
     496:	21 e0       	ldi	r18, 0x01	; 1
     498:	2a 87       	std	Y+10, r18	; 0x0a
     49a:	ce 01       	movw	r24, r28
     49c:	09 96       	adiw	r24, 0x09	; 9
     49e:	bb c0       	rjmp	.+374    	; 0x616 <__mulsf3+0x1e8>
     4a0:	82 30       	cpi	r24, 0x02	; 2
     4a2:	49 f4       	brne	.+18     	; 0x4b6 <__mulsf3+0x88>
     4a4:	20 e0       	ldi	r18, 0x00	; 0
     4a6:	9a 85       	ldd	r25, Y+10	; 0x0a
     4a8:	8a 89       	ldd	r24, Y+18	; 0x12
     4aa:	98 13       	cpse	r25, r24
     4ac:	21 e0       	ldi	r18, 0x01	; 1
     4ae:	2a 8b       	std	Y+18, r18	; 0x12
     4b0:	ce 01       	movw	r24, r28
     4b2:	41 96       	adiw	r24, 0x11	; 17
     4b4:	b0 c0       	rjmp	.+352    	; 0x616 <__mulsf3+0x1e8>
     4b6:	2d 84       	ldd	r2, Y+13	; 0x0d
     4b8:	3e 84       	ldd	r3, Y+14	; 0x0e
     4ba:	4f 84       	ldd	r4, Y+15	; 0x0f
     4bc:	58 88       	ldd	r5, Y+16	; 0x10
     4be:	6d 88       	ldd	r6, Y+21	; 0x15
     4c0:	7e 88       	ldd	r7, Y+22	; 0x16
     4c2:	8f 88       	ldd	r8, Y+23	; 0x17
     4c4:	98 8c       	ldd	r9, Y+24	; 0x18
     4c6:	ee 24       	eor	r14, r14
     4c8:	ff 24       	eor	r15, r15
     4ca:	87 01       	movw	r16, r14
     4cc:	aa 24       	eor	r10, r10
     4ce:	bb 24       	eor	r11, r11
     4d0:	65 01       	movw	r12, r10
     4d2:	40 e0       	ldi	r20, 0x00	; 0
     4d4:	50 e0       	ldi	r21, 0x00	; 0
     4d6:	60 e0       	ldi	r22, 0x00	; 0
     4d8:	70 e0       	ldi	r23, 0x00	; 0
     4da:	e0 e0       	ldi	r30, 0x00	; 0
     4dc:	f0 e0       	ldi	r31, 0x00	; 0
     4de:	c1 01       	movw	r24, r2
     4e0:	81 70       	andi	r24, 0x01	; 1
     4e2:	90 70       	andi	r25, 0x00	; 0
     4e4:	89 2b       	or	r24, r25
     4e6:	e9 f0       	breq	.+58     	; 0x522 <__mulsf3+0xf4>
     4e8:	e6 0c       	add	r14, r6
     4ea:	f7 1c       	adc	r15, r7
     4ec:	08 1d       	adc	r16, r8
     4ee:	19 1d       	adc	r17, r9
     4f0:	9a 01       	movw	r18, r20
     4f2:	ab 01       	movw	r20, r22
     4f4:	2a 0d       	add	r18, r10
     4f6:	3b 1d       	adc	r19, r11
     4f8:	4c 1d       	adc	r20, r12
     4fa:	5d 1d       	adc	r21, r13
     4fc:	80 e0       	ldi	r24, 0x00	; 0
     4fe:	90 e0       	ldi	r25, 0x00	; 0
     500:	a0 e0       	ldi	r26, 0x00	; 0
     502:	b0 e0       	ldi	r27, 0x00	; 0
     504:	e6 14       	cp	r14, r6
     506:	f7 04       	cpc	r15, r7
     508:	08 05       	cpc	r16, r8
     50a:	19 05       	cpc	r17, r9
     50c:	20 f4       	brcc	.+8      	; 0x516 <__mulsf3+0xe8>
     50e:	81 e0       	ldi	r24, 0x01	; 1
     510:	90 e0       	ldi	r25, 0x00	; 0
     512:	a0 e0       	ldi	r26, 0x00	; 0
     514:	b0 e0       	ldi	r27, 0x00	; 0
     516:	ba 01       	movw	r22, r20
     518:	a9 01       	movw	r20, r18
     51a:	48 0f       	add	r20, r24
     51c:	59 1f       	adc	r21, r25
     51e:	6a 1f       	adc	r22, r26
     520:	7b 1f       	adc	r23, r27
     522:	aa 0c       	add	r10, r10
     524:	bb 1c       	adc	r11, r11
     526:	cc 1c       	adc	r12, r12
     528:	dd 1c       	adc	r13, r13
     52a:	97 fe       	sbrs	r9, 7
     52c:	08 c0       	rjmp	.+16     	; 0x53e <__mulsf3+0x110>
     52e:	81 e0       	ldi	r24, 0x01	; 1
     530:	90 e0       	ldi	r25, 0x00	; 0
     532:	a0 e0       	ldi	r26, 0x00	; 0
     534:	b0 e0       	ldi	r27, 0x00	; 0
     536:	a8 2a       	or	r10, r24
     538:	b9 2a       	or	r11, r25
     53a:	ca 2a       	or	r12, r26
     53c:	db 2a       	or	r13, r27
     53e:	31 96       	adiw	r30, 0x01	; 1
     540:	e0 32       	cpi	r30, 0x20	; 32
     542:	f1 05       	cpc	r31, r1
     544:	49 f0       	breq	.+18     	; 0x558 <__mulsf3+0x12a>
     546:	66 0c       	add	r6, r6
     548:	77 1c       	adc	r7, r7
     54a:	88 1c       	adc	r8, r8
     54c:	99 1c       	adc	r9, r9
     54e:	56 94       	lsr	r5
     550:	47 94       	ror	r4
     552:	37 94       	ror	r3
     554:	27 94       	ror	r2
     556:	c3 cf       	rjmp	.-122    	; 0x4de <__mulsf3+0xb0>
     558:	fa 85       	ldd	r31, Y+10	; 0x0a
     55a:	ea 89       	ldd	r30, Y+18	; 0x12
     55c:	2b 89       	ldd	r18, Y+19	; 0x13
     55e:	3c 89       	ldd	r19, Y+20	; 0x14
     560:	8b 85       	ldd	r24, Y+11	; 0x0b
     562:	9c 85       	ldd	r25, Y+12	; 0x0c
     564:	28 0f       	add	r18, r24
     566:	39 1f       	adc	r19, r25
     568:	2e 5f       	subi	r18, 0xFE	; 254
     56a:	3f 4f       	sbci	r19, 0xFF	; 255
     56c:	17 c0       	rjmp	.+46     	; 0x59c <__mulsf3+0x16e>
     56e:	ca 01       	movw	r24, r20
     570:	81 70       	andi	r24, 0x01	; 1
     572:	90 70       	andi	r25, 0x00	; 0
     574:	89 2b       	or	r24, r25
     576:	61 f0       	breq	.+24     	; 0x590 <__mulsf3+0x162>
     578:	16 95       	lsr	r17
     57a:	07 95       	ror	r16
     57c:	f7 94       	ror	r15
     57e:	e7 94       	ror	r14
     580:	80 e0       	ldi	r24, 0x00	; 0
     582:	90 e0       	ldi	r25, 0x00	; 0
     584:	a0 e0       	ldi	r26, 0x00	; 0
     586:	b0 e8       	ldi	r27, 0x80	; 128
     588:	e8 2a       	or	r14, r24
     58a:	f9 2a       	or	r15, r25
     58c:	0a 2b       	or	r16, r26
     58e:	1b 2b       	or	r17, r27
     590:	76 95       	lsr	r23
     592:	67 95       	ror	r22
     594:	57 95       	ror	r21
     596:	47 95       	ror	r20
     598:	2f 5f       	subi	r18, 0xFF	; 255
     59a:	3f 4f       	sbci	r19, 0xFF	; 255
     59c:	77 fd       	sbrc	r23, 7
     59e:	e7 cf       	rjmp	.-50     	; 0x56e <__mulsf3+0x140>
     5a0:	0c c0       	rjmp	.+24     	; 0x5ba <__mulsf3+0x18c>
     5a2:	44 0f       	add	r20, r20
     5a4:	55 1f       	adc	r21, r21
     5a6:	66 1f       	adc	r22, r22
     5a8:	77 1f       	adc	r23, r23
     5aa:	17 fd       	sbrc	r17, 7
     5ac:	41 60       	ori	r20, 0x01	; 1
     5ae:	ee 0c       	add	r14, r14
     5b0:	ff 1c       	adc	r15, r15
     5b2:	00 1f       	adc	r16, r16
     5b4:	11 1f       	adc	r17, r17
     5b6:	21 50       	subi	r18, 0x01	; 1
     5b8:	30 40       	sbci	r19, 0x00	; 0
     5ba:	40 30       	cpi	r20, 0x00	; 0
     5bc:	90 e0       	ldi	r25, 0x00	; 0
     5be:	59 07       	cpc	r21, r25
     5c0:	90 e0       	ldi	r25, 0x00	; 0
     5c2:	69 07       	cpc	r22, r25
     5c4:	90 e4       	ldi	r25, 0x40	; 64
     5c6:	79 07       	cpc	r23, r25
     5c8:	60 f3       	brcs	.-40     	; 0x5a2 <__mulsf3+0x174>
     5ca:	2b 8f       	std	Y+27, r18	; 0x1b
     5cc:	3c 8f       	std	Y+28, r19	; 0x1c
     5ce:	db 01       	movw	r26, r22
     5d0:	ca 01       	movw	r24, r20
     5d2:	8f 77       	andi	r24, 0x7F	; 127
     5d4:	90 70       	andi	r25, 0x00	; 0
     5d6:	a0 70       	andi	r26, 0x00	; 0
     5d8:	b0 70       	andi	r27, 0x00	; 0
     5da:	80 34       	cpi	r24, 0x40	; 64
     5dc:	91 05       	cpc	r25, r1
     5de:	a1 05       	cpc	r26, r1
     5e0:	b1 05       	cpc	r27, r1
     5e2:	61 f4       	brne	.+24     	; 0x5fc <__mulsf3+0x1ce>
     5e4:	47 fd       	sbrc	r20, 7
     5e6:	0a c0       	rjmp	.+20     	; 0x5fc <__mulsf3+0x1ce>
     5e8:	e1 14       	cp	r14, r1
     5ea:	f1 04       	cpc	r15, r1
     5ec:	01 05       	cpc	r16, r1
     5ee:	11 05       	cpc	r17, r1
     5f0:	29 f0       	breq	.+10     	; 0x5fc <__mulsf3+0x1ce>
     5f2:	40 5c       	subi	r20, 0xC0	; 192
     5f4:	5f 4f       	sbci	r21, 0xFF	; 255
     5f6:	6f 4f       	sbci	r22, 0xFF	; 255
     5f8:	7f 4f       	sbci	r23, 0xFF	; 255
     5fa:	40 78       	andi	r20, 0x80	; 128
     5fc:	1a 8e       	std	Y+26, r1	; 0x1a
     5fe:	fe 17       	cp	r31, r30
     600:	11 f0       	breq	.+4      	; 0x606 <__mulsf3+0x1d8>
     602:	81 e0       	ldi	r24, 0x01	; 1
     604:	8a 8f       	std	Y+26, r24	; 0x1a
     606:	4d 8f       	std	Y+29, r20	; 0x1d
     608:	5e 8f       	std	Y+30, r21	; 0x1e
     60a:	6f 8f       	std	Y+31, r22	; 0x1f
     60c:	78 a3       	std	Y+32, r23	; 0x20
     60e:	83 e0       	ldi	r24, 0x03	; 3
     610:	89 8f       	std	Y+25, r24	; 0x19
     612:	ce 01       	movw	r24, r28
     614:	49 96       	adiw	r24, 0x19	; 25
     616:	0e 94 f5 03 	call	0x7ea	; 0x7ea <__pack_f>
     61a:	a0 96       	adiw	r28, 0x20	; 32
     61c:	e2 e1       	ldi	r30, 0x12	; 18
     61e:	0c 94 be 0f 	jmp	0x1f7c	; 0x1f7c <__epilogue_restores__>

00000622 <__gtsf2>:
     622:	a8 e1       	ldi	r26, 0x18	; 24
     624:	b0 e0       	ldi	r27, 0x00	; 0
     626:	e7 e1       	ldi	r30, 0x17	; 23
     628:	f3 e0       	ldi	r31, 0x03	; 3
     62a:	0c 94 ae 0f 	jmp	0x1f5c	; 0x1f5c <__prologue_saves__+0x18>
     62e:	69 83       	std	Y+1, r22	; 0x01
     630:	7a 83       	std	Y+2, r23	; 0x02
     632:	8b 83       	std	Y+3, r24	; 0x03
     634:	9c 83       	std	Y+4, r25	; 0x04
     636:	2d 83       	std	Y+5, r18	; 0x05
     638:	3e 83       	std	Y+6, r19	; 0x06
     63a:	4f 83       	std	Y+7, r20	; 0x07
     63c:	58 87       	std	Y+8, r21	; 0x08
     63e:	89 e0       	ldi	r24, 0x09	; 9
     640:	e8 2e       	mov	r14, r24
     642:	f1 2c       	mov	r15, r1
     644:	ec 0e       	add	r14, r28
     646:	fd 1e       	adc	r15, r29
     648:	ce 01       	movw	r24, r28
     64a:	01 96       	adiw	r24, 0x01	; 1
     64c:	b7 01       	movw	r22, r14
     64e:	0e 94 ca 04 	call	0x994	; 0x994 <__unpack_f>
     652:	8e 01       	movw	r16, r28
     654:	0f 5e       	subi	r16, 0xEF	; 239
     656:	1f 4f       	sbci	r17, 0xFF	; 255
     658:	ce 01       	movw	r24, r28
     65a:	05 96       	adiw	r24, 0x05	; 5
     65c:	b8 01       	movw	r22, r16
     65e:	0e 94 ca 04 	call	0x994	; 0x994 <__unpack_f>
     662:	89 85       	ldd	r24, Y+9	; 0x09
     664:	82 30       	cpi	r24, 0x02	; 2
     666:	40 f0       	brcs	.+16     	; 0x678 <__gtsf2+0x56>
     668:	89 89       	ldd	r24, Y+17	; 0x11
     66a:	82 30       	cpi	r24, 0x02	; 2
     66c:	28 f0       	brcs	.+10     	; 0x678 <__gtsf2+0x56>
     66e:	c7 01       	movw	r24, r14
     670:	b8 01       	movw	r22, r16
     672:	0e 94 42 05 	call	0xa84	; 0xa84 <__fpcmp_parts_f>
     676:	01 c0       	rjmp	.+2      	; 0x67a <__gtsf2+0x58>
     678:	8f ef       	ldi	r24, 0xFF	; 255
     67a:	68 96       	adiw	r28, 0x18	; 24
     67c:	e6 e0       	ldi	r30, 0x06	; 6
     67e:	0c 94 ca 0f 	jmp	0x1f94	; 0x1f94 <__epilogue_restores__+0x18>

00000682 <__gesf2>:
     682:	a8 e1       	ldi	r26, 0x18	; 24
     684:	b0 e0       	ldi	r27, 0x00	; 0
     686:	e7 e4       	ldi	r30, 0x47	; 71
     688:	f3 e0       	ldi	r31, 0x03	; 3
     68a:	0c 94 ae 0f 	jmp	0x1f5c	; 0x1f5c <__prologue_saves__+0x18>
     68e:	69 83       	std	Y+1, r22	; 0x01
     690:	7a 83       	std	Y+2, r23	; 0x02
     692:	8b 83       	std	Y+3, r24	; 0x03
     694:	9c 83       	std	Y+4, r25	; 0x04
     696:	2d 83       	std	Y+5, r18	; 0x05
     698:	3e 83       	std	Y+6, r19	; 0x06
     69a:	4f 83       	std	Y+7, r20	; 0x07
     69c:	58 87       	std	Y+8, r21	; 0x08
     69e:	89 e0       	ldi	r24, 0x09	; 9
     6a0:	e8 2e       	mov	r14, r24
     6a2:	f1 2c       	mov	r15, r1
     6a4:	ec 0e       	add	r14, r28
     6a6:	fd 1e       	adc	r15, r29
     6a8:	ce 01       	movw	r24, r28
     6aa:	01 96       	adiw	r24, 0x01	; 1
     6ac:	b7 01       	movw	r22, r14
     6ae:	0e 94 ca 04 	call	0x994	; 0x994 <__unpack_f>
     6b2:	8e 01       	movw	r16, r28
     6b4:	0f 5e       	subi	r16, 0xEF	; 239
     6b6:	1f 4f       	sbci	r17, 0xFF	; 255
     6b8:	ce 01       	movw	r24, r28
     6ba:	05 96       	adiw	r24, 0x05	; 5
     6bc:	b8 01       	movw	r22, r16
     6be:	0e 94 ca 04 	call	0x994	; 0x994 <__unpack_f>
     6c2:	89 85       	ldd	r24, Y+9	; 0x09
     6c4:	82 30       	cpi	r24, 0x02	; 2
     6c6:	40 f0       	brcs	.+16     	; 0x6d8 <__gesf2+0x56>
     6c8:	89 89       	ldd	r24, Y+17	; 0x11
     6ca:	82 30       	cpi	r24, 0x02	; 2
     6cc:	28 f0       	brcs	.+10     	; 0x6d8 <__gesf2+0x56>
     6ce:	c7 01       	movw	r24, r14
     6d0:	b8 01       	movw	r22, r16
     6d2:	0e 94 42 05 	call	0xa84	; 0xa84 <__fpcmp_parts_f>
     6d6:	01 c0       	rjmp	.+2      	; 0x6da <__gesf2+0x58>
     6d8:	8f ef       	ldi	r24, 0xFF	; 255
     6da:	68 96       	adiw	r28, 0x18	; 24
     6dc:	e6 e0       	ldi	r30, 0x06	; 6
     6de:	0c 94 ca 0f 	jmp	0x1f94	; 0x1f94 <__epilogue_restores__+0x18>

000006e2 <__ltsf2>:
     6e2:	a8 e1       	ldi	r26, 0x18	; 24
     6e4:	b0 e0       	ldi	r27, 0x00	; 0
     6e6:	e7 e7       	ldi	r30, 0x77	; 119
     6e8:	f3 e0       	ldi	r31, 0x03	; 3
     6ea:	0c 94 ae 0f 	jmp	0x1f5c	; 0x1f5c <__prologue_saves__+0x18>
     6ee:	69 83       	std	Y+1, r22	; 0x01
     6f0:	7a 83       	std	Y+2, r23	; 0x02
     6f2:	8b 83       	std	Y+3, r24	; 0x03
     6f4:	9c 83       	std	Y+4, r25	; 0x04
     6f6:	2d 83       	std	Y+5, r18	; 0x05
     6f8:	3e 83       	std	Y+6, r19	; 0x06
     6fa:	4f 83       	std	Y+7, r20	; 0x07
     6fc:	58 87       	std	Y+8, r21	; 0x08
     6fe:	89 e0       	ldi	r24, 0x09	; 9
     700:	e8 2e       	mov	r14, r24
     702:	f1 2c       	mov	r15, r1
     704:	ec 0e       	add	r14, r28
     706:	fd 1e       	adc	r15, r29
     708:	ce 01       	movw	r24, r28
     70a:	01 96       	adiw	r24, 0x01	; 1
     70c:	b7 01       	movw	r22, r14
     70e:	0e 94 ca 04 	call	0x994	; 0x994 <__unpack_f>
     712:	8e 01       	movw	r16, r28
     714:	0f 5e       	subi	r16, 0xEF	; 239
     716:	1f 4f       	sbci	r17, 0xFF	; 255
     718:	ce 01       	movw	r24, r28
     71a:	05 96       	adiw	r24, 0x05	; 5
     71c:	b8 01       	movw	r22, r16
     71e:	0e 94 ca 04 	call	0x994	; 0x994 <__unpack_f>
     722:	89 85       	ldd	r24, Y+9	; 0x09
     724:	82 30       	cpi	r24, 0x02	; 2
     726:	40 f0       	brcs	.+16     	; 0x738 <__ltsf2+0x56>
     728:	89 89       	ldd	r24, Y+17	; 0x11
     72a:	82 30       	cpi	r24, 0x02	; 2
     72c:	28 f0       	brcs	.+10     	; 0x738 <__ltsf2+0x56>
     72e:	c7 01       	movw	r24, r14
     730:	b8 01       	movw	r22, r16
     732:	0e 94 42 05 	call	0xa84	; 0xa84 <__fpcmp_parts_f>
     736:	01 c0       	rjmp	.+2      	; 0x73a <__ltsf2+0x58>
     738:	81 e0       	ldi	r24, 0x01	; 1
     73a:	68 96       	adiw	r28, 0x18	; 24
     73c:	e6 e0       	ldi	r30, 0x06	; 6
     73e:	0c 94 ca 0f 	jmp	0x1f94	; 0x1f94 <__epilogue_restores__+0x18>

00000742 <__fixsfsi>:
     742:	ac e0       	ldi	r26, 0x0C	; 12
     744:	b0 e0       	ldi	r27, 0x00	; 0
     746:	e7 ea       	ldi	r30, 0xA7	; 167
     748:	f3 e0       	ldi	r31, 0x03	; 3
     74a:	0c 94 b2 0f 	jmp	0x1f64	; 0x1f64 <__prologue_saves__+0x20>
     74e:	69 83       	std	Y+1, r22	; 0x01
     750:	7a 83       	std	Y+2, r23	; 0x02
     752:	8b 83       	std	Y+3, r24	; 0x03
     754:	9c 83       	std	Y+4, r25	; 0x04
     756:	ce 01       	movw	r24, r28
     758:	01 96       	adiw	r24, 0x01	; 1
     75a:	be 01       	movw	r22, r28
     75c:	6b 5f       	subi	r22, 0xFB	; 251
     75e:	7f 4f       	sbci	r23, 0xFF	; 255
     760:	0e 94 ca 04 	call	0x994	; 0x994 <__unpack_f>
     764:	8d 81       	ldd	r24, Y+5	; 0x05
     766:	82 30       	cpi	r24, 0x02	; 2
     768:	61 f1       	breq	.+88     	; 0x7c2 <__fixsfsi+0x80>
     76a:	82 30       	cpi	r24, 0x02	; 2
     76c:	50 f1       	brcs	.+84     	; 0x7c2 <__fixsfsi+0x80>
     76e:	84 30       	cpi	r24, 0x04	; 4
     770:	21 f4       	brne	.+8      	; 0x77a <__fixsfsi+0x38>
     772:	8e 81       	ldd	r24, Y+6	; 0x06
     774:	88 23       	and	r24, r24
     776:	51 f1       	breq	.+84     	; 0x7cc <__fixsfsi+0x8a>
     778:	2e c0       	rjmp	.+92     	; 0x7d6 <__fixsfsi+0x94>
     77a:	2f 81       	ldd	r18, Y+7	; 0x07
     77c:	38 85       	ldd	r19, Y+8	; 0x08
     77e:	37 fd       	sbrc	r19, 7
     780:	20 c0       	rjmp	.+64     	; 0x7c2 <__fixsfsi+0x80>
     782:	6e 81       	ldd	r22, Y+6	; 0x06
     784:	2f 31       	cpi	r18, 0x1F	; 31
     786:	31 05       	cpc	r19, r1
     788:	1c f0       	brlt	.+6      	; 0x790 <__fixsfsi+0x4e>
     78a:	66 23       	and	r22, r22
     78c:	f9 f0       	breq	.+62     	; 0x7cc <__fixsfsi+0x8a>
     78e:	23 c0       	rjmp	.+70     	; 0x7d6 <__fixsfsi+0x94>
     790:	8e e1       	ldi	r24, 0x1E	; 30
     792:	90 e0       	ldi	r25, 0x00	; 0
     794:	82 1b       	sub	r24, r18
     796:	93 0b       	sbc	r25, r19
     798:	29 85       	ldd	r18, Y+9	; 0x09
     79a:	3a 85       	ldd	r19, Y+10	; 0x0a
     79c:	4b 85       	ldd	r20, Y+11	; 0x0b
     79e:	5c 85       	ldd	r21, Y+12	; 0x0c
     7a0:	04 c0       	rjmp	.+8      	; 0x7aa <__fixsfsi+0x68>
     7a2:	56 95       	lsr	r21
     7a4:	47 95       	ror	r20
     7a6:	37 95       	ror	r19
     7a8:	27 95       	ror	r18
     7aa:	8a 95       	dec	r24
     7ac:	d2 f7       	brpl	.-12     	; 0x7a2 <__fixsfsi+0x60>
     7ae:	66 23       	and	r22, r22
     7b0:	b1 f0       	breq	.+44     	; 0x7de <__fixsfsi+0x9c>
     7b2:	50 95       	com	r21
     7b4:	40 95       	com	r20
     7b6:	30 95       	com	r19
     7b8:	21 95       	neg	r18
     7ba:	3f 4f       	sbci	r19, 0xFF	; 255
     7bc:	4f 4f       	sbci	r20, 0xFF	; 255
     7be:	5f 4f       	sbci	r21, 0xFF	; 255
     7c0:	0e c0       	rjmp	.+28     	; 0x7de <__fixsfsi+0x9c>
     7c2:	20 e0       	ldi	r18, 0x00	; 0
     7c4:	30 e0       	ldi	r19, 0x00	; 0
     7c6:	40 e0       	ldi	r20, 0x00	; 0
     7c8:	50 e0       	ldi	r21, 0x00	; 0
     7ca:	09 c0       	rjmp	.+18     	; 0x7de <__fixsfsi+0x9c>
     7cc:	2f ef       	ldi	r18, 0xFF	; 255
     7ce:	3f ef       	ldi	r19, 0xFF	; 255
     7d0:	4f ef       	ldi	r20, 0xFF	; 255
     7d2:	5f e7       	ldi	r21, 0x7F	; 127
     7d4:	04 c0       	rjmp	.+8      	; 0x7de <__fixsfsi+0x9c>
     7d6:	20 e0       	ldi	r18, 0x00	; 0
     7d8:	30 e0       	ldi	r19, 0x00	; 0
     7da:	40 e0       	ldi	r20, 0x00	; 0
     7dc:	50 e8       	ldi	r21, 0x80	; 128
     7de:	b9 01       	movw	r22, r18
     7e0:	ca 01       	movw	r24, r20
     7e2:	2c 96       	adiw	r28, 0x0c	; 12
     7e4:	e2 e0       	ldi	r30, 0x02	; 2
     7e6:	0c 94 ce 0f 	jmp	0x1f9c	; 0x1f9c <__epilogue_restores__+0x20>

000007ea <__pack_f>:
     7ea:	df 92       	push	r13
     7ec:	ef 92       	push	r14
     7ee:	ff 92       	push	r15
     7f0:	0f 93       	push	r16
     7f2:	1f 93       	push	r17
     7f4:	fc 01       	movw	r30, r24
     7f6:	e4 80       	ldd	r14, Z+4	; 0x04
     7f8:	f5 80       	ldd	r15, Z+5	; 0x05
     7fa:	06 81       	ldd	r16, Z+6	; 0x06
     7fc:	17 81       	ldd	r17, Z+7	; 0x07
     7fe:	d1 80       	ldd	r13, Z+1	; 0x01
     800:	80 81       	ld	r24, Z
     802:	82 30       	cpi	r24, 0x02	; 2
     804:	48 f4       	brcc	.+18     	; 0x818 <__pack_f+0x2e>
     806:	80 e0       	ldi	r24, 0x00	; 0
     808:	90 e0       	ldi	r25, 0x00	; 0
     80a:	a0 e1       	ldi	r26, 0x10	; 16
     80c:	b0 e0       	ldi	r27, 0x00	; 0
     80e:	e8 2a       	or	r14, r24
     810:	f9 2a       	or	r15, r25
     812:	0a 2b       	or	r16, r26
     814:	1b 2b       	or	r17, r27
     816:	a5 c0       	rjmp	.+330    	; 0x962 <__stack+0x103>
     818:	84 30       	cpi	r24, 0x04	; 4
     81a:	09 f4       	brne	.+2      	; 0x81e <__pack_f+0x34>
     81c:	9f c0       	rjmp	.+318    	; 0x95c <__stack+0xfd>
     81e:	82 30       	cpi	r24, 0x02	; 2
     820:	21 f4       	brne	.+8      	; 0x82a <__pack_f+0x40>
     822:	ee 24       	eor	r14, r14
     824:	ff 24       	eor	r15, r15
     826:	87 01       	movw	r16, r14
     828:	05 c0       	rjmp	.+10     	; 0x834 <__pack_f+0x4a>
     82a:	e1 14       	cp	r14, r1
     82c:	f1 04       	cpc	r15, r1
     82e:	01 05       	cpc	r16, r1
     830:	11 05       	cpc	r17, r1
     832:	19 f4       	brne	.+6      	; 0x83a <__pack_f+0x50>
     834:	e0 e0       	ldi	r30, 0x00	; 0
     836:	f0 e0       	ldi	r31, 0x00	; 0
     838:	96 c0       	rjmp	.+300    	; 0x966 <__stack+0x107>
     83a:	62 81       	ldd	r22, Z+2	; 0x02
     83c:	73 81       	ldd	r23, Z+3	; 0x03
     83e:	9f ef       	ldi	r25, 0xFF	; 255
     840:	62 38       	cpi	r22, 0x82	; 130
     842:	79 07       	cpc	r23, r25
     844:	0c f0       	brlt	.+2      	; 0x848 <__pack_f+0x5e>
     846:	5b c0       	rjmp	.+182    	; 0x8fe <__stack+0x9f>
     848:	22 e8       	ldi	r18, 0x82	; 130
     84a:	3f ef       	ldi	r19, 0xFF	; 255
     84c:	26 1b       	sub	r18, r22
     84e:	37 0b       	sbc	r19, r23
     850:	2a 31       	cpi	r18, 0x1A	; 26
     852:	31 05       	cpc	r19, r1
     854:	2c f0       	brlt	.+10     	; 0x860 <__stack+0x1>
     856:	20 e0       	ldi	r18, 0x00	; 0
     858:	30 e0       	ldi	r19, 0x00	; 0
     85a:	40 e0       	ldi	r20, 0x00	; 0
     85c:	50 e0       	ldi	r21, 0x00	; 0
     85e:	2a c0       	rjmp	.+84     	; 0x8b4 <__stack+0x55>
     860:	b8 01       	movw	r22, r16
     862:	a7 01       	movw	r20, r14
     864:	02 2e       	mov	r0, r18
     866:	04 c0       	rjmp	.+8      	; 0x870 <__stack+0x11>
     868:	76 95       	lsr	r23
     86a:	67 95       	ror	r22
     86c:	57 95       	ror	r21
     86e:	47 95       	ror	r20
     870:	0a 94       	dec	r0
     872:	d2 f7       	brpl	.-12     	; 0x868 <__stack+0x9>
     874:	81 e0       	ldi	r24, 0x01	; 1
     876:	90 e0       	ldi	r25, 0x00	; 0
     878:	a0 e0       	ldi	r26, 0x00	; 0
     87a:	b0 e0       	ldi	r27, 0x00	; 0
     87c:	04 c0       	rjmp	.+8      	; 0x886 <__stack+0x27>
     87e:	88 0f       	add	r24, r24
     880:	99 1f       	adc	r25, r25
     882:	aa 1f       	adc	r26, r26
     884:	bb 1f       	adc	r27, r27
     886:	2a 95       	dec	r18
     888:	d2 f7       	brpl	.-12     	; 0x87e <__stack+0x1f>
     88a:	01 97       	sbiw	r24, 0x01	; 1
     88c:	a1 09       	sbc	r26, r1
     88e:	b1 09       	sbc	r27, r1
     890:	8e 21       	and	r24, r14
     892:	9f 21       	and	r25, r15
     894:	a0 23       	and	r26, r16
     896:	b1 23       	and	r27, r17
     898:	00 97       	sbiw	r24, 0x00	; 0
     89a:	a1 05       	cpc	r26, r1
     89c:	b1 05       	cpc	r27, r1
     89e:	21 f0       	breq	.+8      	; 0x8a8 <__stack+0x49>
     8a0:	81 e0       	ldi	r24, 0x01	; 1
     8a2:	90 e0       	ldi	r25, 0x00	; 0
     8a4:	a0 e0       	ldi	r26, 0x00	; 0
     8a6:	b0 e0       	ldi	r27, 0x00	; 0
     8a8:	9a 01       	movw	r18, r20
     8aa:	ab 01       	movw	r20, r22
     8ac:	28 2b       	or	r18, r24
     8ae:	39 2b       	or	r19, r25
     8b0:	4a 2b       	or	r20, r26
     8b2:	5b 2b       	or	r21, r27
     8b4:	da 01       	movw	r26, r20
     8b6:	c9 01       	movw	r24, r18
     8b8:	8f 77       	andi	r24, 0x7F	; 127
     8ba:	90 70       	andi	r25, 0x00	; 0
     8bc:	a0 70       	andi	r26, 0x00	; 0
     8be:	b0 70       	andi	r27, 0x00	; 0
     8c0:	80 34       	cpi	r24, 0x40	; 64
     8c2:	91 05       	cpc	r25, r1
     8c4:	a1 05       	cpc	r26, r1
     8c6:	b1 05       	cpc	r27, r1
     8c8:	39 f4       	brne	.+14     	; 0x8d8 <__stack+0x79>
     8ca:	27 ff       	sbrs	r18, 7
     8cc:	09 c0       	rjmp	.+18     	; 0x8e0 <__stack+0x81>
     8ce:	20 5c       	subi	r18, 0xC0	; 192
     8d0:	3f 4f       	sbci	r19, 0xFF	; 255
     8d2:	4f 4f       	sbci	r20, 0xFF	; 255
     8d4:	5f 4f       	sbci	r21, 0xFF	; 255
     8d6:	04 c0       	rjmp	.+8      	; 0x8e0 <__stack+0x81>
     8d8:	21 5c       	subi	r18, 0xC1	; 193
     8da:	3f 4f       	sbci	r19, 0xFF	; 255
     8dc:	4f 4f       	sbci	r20, 0xFF	; 255
     8de:	5f 4f       	sbci	r21, 0xFF	; 255
     8e0:	e0 e0       	ldi	r30, 0x00	; 0
     8e2:	f0 e0       	ldi	r31, 0x00	; 0
     8e4:	20 30       	cpi	r18, 0x00	; 0
     8e6:	a0 e0       	ldi	r26, 0x00	; 0
     8e8:	3a 07       	cpc	r19, r26
     8ea:	a0 e0       	ldi	r26, 0x00	; 0
     8ec:	4a 07       	cpc	r20, r26
     8ee:	a0 e4       	ldi	r26, 0x40	; 64
     8f0:	5a 07       	cpc	r21, r26
     8f2:	10 f0       	brcs	.+4      	; 0x8f8 <__stack+0x99>
     8f4:	e1 e0       	ldi	r30, 0x01	; 1
     8f6:	f0 e0       	ldi	r31, 0x00	; 0
     8f8:	79 01       	movw	r14, r18
     8fa:	8a 01       	movw	r16, r20
     8fc:	27 c0       	rjmp	.+78     	; 0x94c <__stack+0xed>
     8fe:	60 38       	cpi	r22, 0x80	; 128
     900:	71 05       	cpc	r23, r1
     902:	64 f5       	brge	.+88     	; 0x95c <__stack+0xfd>
     904:	fb 01       	movw	r30, r22
     906:	e1 58       	subi	r30, 0x81	; 129
     908:	ff 4f       	sbci	r31, 0xFF	; 255
     90a:	d8 01       	movw	r26, r16
     90c:	c7 01       	movw	r24, r14
     90e:	8f 77       	andi	r24, 0x7F	; 127
     910:	90 70       	andi	r25, 0x00	; 0
     912:	a0 70       	andi	r26, 0x00	; 0
     914:	b0 70       	andi	r27, 0x00	; 0
     916:	80 34       	cpi	r24, 0x40	; 64
     918:	91 05       	cpc	r25, r1
     91a:	a1 05       	cpc	r26, r1
     91c:	b1 05       	cpc	r27, r1
     91e:	39 f4       	brne	.+14     	; 0x92e <__stack+0xcf>
     920:	e7 fe       	sbrs	r14, 7
     922:	0d c0       	rjmp	.+26     	; 0x93e <__stack+0xdf>
     924:	80 e4       	ldi	r24, 0x40	; 64
     926:	90 e0       	ldi	r25, 0x00	; 0
     928:	a0 e0       	ldi	r26, 0x00	; 0
     92a:	b0 e0       	ldi	r27, 0x00	; 0
     92c:	04 c0       	rjmp	.+8      	; 0x936 <__stack+0xd7>
     92e:	8f e3       	ldi	r24, 0x3F	; 63
     930:	90 e0       	ldi	r25, 0x00	; 0
     932:	a0 e0       	ldi	r26, 0x00	; 0
     934:	b0 e0       	ldi	r27, 0x00	; 0
     936:	e8 0e       	add	r14, r24
     938:	f9 1e       	adc	r15, r25
     93a:	0a 1f       	adc	r16, r26
     93c:	1b 1f       	adc	r17, r27
     93e:	17 ff       	sbrs	r17, 7
     940:	05 c0       	rjmp	.+10     	; 0x94c <__stack+0xed>
     942:	16 95       	lsr	r17
     944:	07 95       	ror	r16
     946:	f7 94       	ror	r15
     948:	e7 94       	ror	r14
     94a:	31 96       	adiw	r30, 0x01	; 1
     94c:	87 e0       	ldi	r24, 0x07	; 7
     94e:	16 95       	lsr	r17
     950:	07 95       	ror	r16
     952:	f7 94       	ror	r15
     954:	e7 94       	ror	r14
     956:	8a 95       	dec	r24
     958:	d1 f7       	brne	.-12     	; 0x94e <__stack+0xef>
     95a:	05 c0       	rjmp	.+10     	; 0x966 <__stack+0x107>
     95c:	ee 24       	eor	r14, r14
     95e:	ff 24       	eor	r15, r15
     960:	87 01       	movw	r16, r14
     962:	ef ef       	ldi	r30, 0xFF	; 255
     964:	f0 e0       	ldi	r31, 0x00	; 0
     966:	6e 2f       	mov	r22, r30
     968:	67 95       	ror	r22
     96a:	66 27       	eor	r22, r22
     96c:	67 95       	ror	r22
     96e:	90 2f       	mov	r25, r16
     970:	9f 77       	andi	r25, 0x7F	; 127
     972:	d7 94       	ror	r13
     974:	dd 24       	eor	r13, r13
     976:	d7 94       	ror	r13
     978:	8e 2f       	mov	r24, r30
     97a:	86 95       	lsr	r24
     97c:	49 2f       	mov	r20, r25
     97e:	46 2b       	or	r20, r22
     980:	58 2f       	mov	r21, r24
     982:	5d 29       	or	r21, r13
     984:	b7 01       	movw	r22, r14
     986:	ca 01       	movw	r24, r20
     988:	1f 91       	pop	r17
     98a:	0f 91       	pop	r16
     98c:	ff 90       	pop	r15
     98e:	ef 90       	pop	r14
     990:	df 90       	pop	r13
     992:	08 95       	ret

00000994 <__unpack_f>:
     994:	fc 01       	movw	r30, r24
     996:	db 01       	movw	r26, r22
     998:	40 81       	ld	r20, Z
     99a:	51 81       	ldd	r21, Z+1	; 0x01
     99c:	22 81       	ldd	r18, Z+2	; 0x02
     99e:	62 2f       	mov	r22, r18
     9a0:	6f 77       	andi	r22, 0x7F	; 127
     9a2:	70 e0       	ldi	r23, 0x00	; 0
     9a4:	22 1f       	adc	r18, r18
     9a6:	22 27       	eor	r18, r18
     9a8:	22 1f       	adc	r18, r18
     9aa:	93 81       	ldd	r25, Z+3	; 0x03
     9ac:	89 2f       	mov	r24, r25
     9ae:	88 0f       	add	r24, r24
     9b0:	82 2b       	or	r24, r18
     9b2:	28 2f       	mov	r18, r24
     9b4:	30 e0       	ldi	r19, 0x00	; 0
     9b6:	99 1f       	adc	r25, r25
     9b8:	99 27       	eor	r25, r25
     9ba:	99 1f       	adc	r25, r25
     9bc:	11 96       	adiw	r26, 0x01	; 1
     9be:	9c 93       	st	X, r25
     9c0:	11 97       	sbiw	r26, 0x01	; 1
     9c2:	21 15       	cp	r18, r1
     9c4:	31 05       	cpc	r19, r1
     9c6:	a9 f5       	brne	.+106    	; 0xa32 <__unpack_f+0x9e>
     9c8:	41 15       	cp	r20, r1
     9ca:	51 05       	cpc	r21, r1
     9cc:	61 05       	cpc	r22, r1
     9ce:	71 05       	cpc	r23, r1
     9d0:	11 f4       	brne	.+4      	; 0x9d6 <__unpack_f+0x42>
     9d2:	82 e0       	ldi	r24, 0x02	; 2
     9d4:	37 c0       	rjmp	.+110    	; 0xa44 <__unpack_f+0xb0>
     9d6:	82 e8       	ldi	r24, 0x82	; 130
     9d8:	9f ef       	ldi	r25, 0xFF	; 255
     9da:	13 96       	adiw	r26, 0x03	; 3
     9dc:	9c 93       	st	X, r25
     9de:	8e 93       	st	-X, r24
     9e0:	12 97       	sbiw	r26, 0x02	; 2
     9e2:	9a 01       	movw	r18, r20
     9e4:	ab 01       	movw	r20, r22
     9e6:	67 e0       	ldi	r22, 0x07	; 7
     9e8:	22 0f       	add	r18, r18
     9ea:	33 1f       	adc	r19, r19
     9ec:	44 1f       	adc	r20, r20
     9ee:	55 1f       	adc	r21, r21
     9f0:	6a 95       	dec	r22
     9f2:	d1 f7       	brne	.-12     	; 0x9e8 <__unpack_f+0x54>
     9f4:	83 e0       	ldi	r24, 0x03	; 3
     9f6:	8c 93       	st	X, r24
     9f8:	0d c0       	rjmp	.+26     	; 0xa14 <__unpack_f+0x80>
     9fa:	22 0f       	add	r18, r18
     9fc:	33 1f       	adc	r19, r19
     9fe:	44 1f       	adc	r20, r20
     a00:	55 1f       	adc	r21, r21
     a02:	12 96       	adiw	r26, 0x02	; 2
     a04:	8d 91       	ld	r24, X+
     a06:	9c 91       	ld	r25, X
     a08:	13 97       	sbiw	r26, 0x03	; 3
     a0a:	01 97       	sbiw	r24, 0x01	; 1
     a0c:	13 96       	adiw	r26, 0x03	; 3
     a0e:	9c 93       	st	X, r25
     a10:	8e 93       	st	-X, r24
     a12:	12 97       	sbiw	r26, 0x02	; 2
     a14:	20 30       	cpi	r18, 0x00	; 0
     a16:	80 e0       	ldi	r24, 0x00	; 0
     a18:	38 07       	cpc	r19, r24
     a1a:	80 e0       	ldi	r24, 0x00	; 0
     a1c:	48 07       	cpc	r20, r24
     a1e:	80 e4       	ldi	r24, 0x40	; 64
     a20:	58 07       	cpc	r21, r24
     a22:	58 f3       	brcs	.-42     	; 0x9fa <__unpack_f+0x66>
     a24:	14 96       	adiw	r26, 0x04	; 4
     a26:	2d 93       	st	X+, r18
     a28:	3d 93       	st	X+, r19
     a2a:	4d 93       	st	X+, r20
     a2c:	5c 93       	st	X, r21
     a2e:	17 97       	sbiw	r26, 0x07	; 7
     a30:	08 95       	ret
     a32:	2f 3f       	cpi	r18, 0xFF	; 255
     a34:	31 05       	cpc	r19, r1
     a36:	79 f4       	brne	.+30     	; 0xa56 <__unpack_f+0xc2>
     a38:	41 15       	cp	r20, r1
     a3a:	51 05       	cpc	r21, r1
     a3c:	61 05       	cpc	r22, r1
     a3e:	71 05       	cpc	r23, r1
     a40:	19 f4       	brne	.+6      	; 0xa48 <__unpack_f+0xb4>
     a42:	84 e0       	ldi	r24, 0x04	; 4
     a44:	8c 93       	st	X, r24
     a46:	08 95       	ret
     a48:	64 ff       	sbrs	r22, 4
     a4a:	03 c0       	rjmp	.+6      	; 0xa52 <__unpack_f+0xbe>
     a4c:	81 e0       	ldi	r24, 0x01	; 1
     a4e:	8c 93       	st	X, r24
     a50:	12 c0       	rjmp	.+36     	; 0xa76 <__unpack_f+0xe2>
     a52:	1c 92       	st	X, r1
     a54:	10 c0       	rjmp	.+32     	; 0xa76 <__unpack_f+0xe2>
     a56:	2f 57       	subi	r18, 0x7F	; 127
     a58:	30 40       	sbci	r19, 0x00	; 0
     a5a:	13 96       	adiw	r26, 0x03	; 3
     a5c:	3c 93       	st	X, r19
     a5e:	2e 93       	st	-X, r18
     a60:	12 97       	sbiw	r26, 0x02	; 2
     a62:	83 e0       	ldi	r24, 0x03	; 3
     a64:	8c 93       	st	X, r24
     a66:	87 e0       	ldi	r24, 0x07	; 7
     a68:	44 0f       	add	r20, r20
     a6a:	55 1f       	adc	r21, r21
     a6c:	66 1f       	adc	r22, r22
     a6e:	77 1f       	adc	r23, r23
     a70:	8a 95       	dec	r24
     a72:	d1 f7       	brne	.-12     	; 0xa68 <__unpack_f+0xd4>
     a74:	70 64       	ori	r23, 0x40	; 64
     a76:	14 96       	adiw	r26, 0x04	; 4
     a78:	4d 93       	st	X+, r20
     a7a:	5d 93       	st	X+, r21
     a7c:	6d 93       	st	X+, r22
     a7e:	7c 93       	st	X, r23
     a80:	17 97       	sbiw	r26, 0x07	; 7
     a82:	08 95       	ret

00000a84 <__fpcmp_parts_f>:
     a84:	1f 93       	push	r17
     a86:	dc 01       	movw	r26, r24
     a88:	fb 01       	movw	r30, r22
     a8a:	9c 91       	ld	r25, X
     a8c:	92 30       	cpi	r25, 0x02	; 2
     a8e:	08 f4       	brcc	.+2      	; 0xa92 <__fpcmp_parts_f+0xe>
     a90:	47 c0       	rjmp	.+142    	; 0xb20 <__fpcmp_parts_f+0x9c>
     a92:	80 81       	ld	r24, Z
     a94:	82 30       	cpi	r24, 0x02	; 2
     a96:	08 f4       	brcc	.+2      	; 0xa9a <__fpcmp_parts_f+0x16>
     a98:	43 c0       	rjmp	.+134    	; 0xb20 <__fpcmp_parts_f+0x9c>
     a9a:	94 30       	cpi	r25, 0x04	; 4
     a9c:	51 f4       	brne	.+20     	; 0xab2 <__fpcmp_parts_f+0x2e>
     a9e:	11 96       	adiw	r26, 0x01	; 1
     aa0:	1c 91       	ld	r17, X
     aa2:	84 30       	cpi	r24, 0x04	; 4
     aa4:	99 f5       	brne	.+102    	; 0xb0c <__fpcmp_parts_f+0x88>
     aa6:	81 81       	ldd	r24, Z+1	; 0x01
     aa8:	68 2f       	mov	r22, r24
     aaa:	70 e0       	ldi	r23, 0x00	; 0
     aac:	61 1b       	sub	r22, r17
     aae:	71 09       	sbc	r23, r1
     ab0:	3f c0       	rjmp	.+126    	; 0xb30 <__fpcmp_parts_f+0xac>
     ab2:	84 30       	cpi	r24, 0x04	; 4
     ab4:	21 f0       	breq	.+8      	; 0xabe <__fpcmp_parts_f+0x3a>
     ab6:	92 30       	cpi	r25, 0x02	; 2
     ab8:	31 f4       	brne	.+12     	; 0xac6 <__fpcmp_parts_f+0x42>
     aba:	82 30       	cpi	r24, 0x02	; 2
     abc:	b9 f1       	breq	.+110    	; 0xb2c <__fpcmp_parts_f+0xa8>
     abe:	81 81       	ldd	r24, Z+1	; 0x01
     ac0:	88 23       	and	r24, r24
     ac2:	89 f1       	breq	.+98     	; 0xb26 <__fpcmp_parts_f+0xa2>
     ac4:	2d c0       	rjmp	.+90     	; 0xb20 <__fpcmp_parts_f+0x9c>
     ac6:	11 96       	adiw	r26, 0x01	; 1
     ac8:	1c 91       	ld	r17, X
     aca:	11 97       	sbiw	r26, 0x01	; 1
     acc:	82 30       	cpi	r24, 0x02	; 2
     ace:	f1 f0       	breq	.+60     	; 0xb0c <__fpcmp_parts_f+0x88>
     ad0:	81 81       	ldd	r24, Z+1	; 0x01
     ad2:	18 17       	cp	r17, r24
     ad4:	d9 f4       	brne	.+54     	; 0xb0c <__fpcmp_parts_f+0x88>
     ad6:	12 96       	adiw	r26, 0x02	; 2
     ad8:	2d 91       	ld	r18, X+
     ada:	3c 91       	ld	r19, X
     adc:	13 97       	sbiw	r26, 0x03	; 3
     ade:	82 81       	ldd	r24, Z+2	; 0x02
     ae0:	93 81       	ldd	r25, Z+3	; 0x03
     ae2:	82 17       	cp	r24, r18
     ae4:	93 07       	cpc	r25, r19
     ae6:	94 f0       	brlt	.+36     	; 0xb0c <__fpcmp_parts_f+0x88>
     ae8:	28 17       	cp	r18, r24
     aea:	39 07       	cpc	r19, r25
     aec:	bc f0       	brlt	.+46     	; 0xb1c <__fpcmp_parts_f+0x98>
     aee:	14 96       	adiw	r26, 0x04	; 4
     af0:	8d 91       	ld	r24, X+
     af2:	9d 91       	ld	r25, X+
     af4:	0d 90       	ld	r0, X+
     af6:	bc 91       	ld	r27, X
     af8:	a0 2d       	mov	r26, r0
     afa:	24 81       	ldd	r18, Z+4	; 0x04
     afc:	35 81       	ldd	r19, Z+5	; 0x05
     afe:	46 81       	ldd	r20, Z+6	; 0x06
     b00:	57 81       	ldd	r21, Z+7	; 0x07
     b02:	28 17       	cp	r18, r24
     b04:	39 07       	cpc	r19, r25
     b06:	4a 07       	cpc	r20, r26
     b08:	5b 07       	cpc	r21, r27
     b0a:	18 f4       	brcc	.+6      	; 0xb12 <__fpcmp_parts_f+0x8e>
     b0c:	11 23       	and	r17, r17
     b0e:	41 f0       	breq	.+16     	; 0xb20 <__fpcmp_parts_f+0x9c>
     b10:	0a c0       	rjmp	.+20     	; 0xb26 <__fpcmp_parts_f+0xa2>
     b12:	82 17       	cp	r24, r18
     b14:	93 07       	cpc	r25, r19
     b16:	a4 07       	cpc	r26, r20
     b18:	b5 07       	cpc	r27, r21
     b1a:	40 f4       	brcc	.+16     	; 0xb2c <__fpcmp_parts_f+0xa8>
     b1c:	11 23       	and	r17, r17
     b1e:	19 f0       	breq	.+6      	; 0xb26 <__fpcmp_parts_f+0xa2>
     b20:	61 e0       	ldi	r22, 0x01	; 1
     b22:	70 e0       	ldi	r23, 0x00	; 0
     b24:	05 c0       	rjmp	.+10     	; 0xb30 <__fpcmp_parts_f+0xac>
     b26:	6f ef       	ldi	r22, 0xFF	; 255
     b28:	7f ef       	ldi	r23, 0xFF	; 255
     b2a:	02 c0       	rjmp	.+4      	; 0xb30 <__fpcmp_parts_f+0xac>
     b2c:	60 e0       	ldi	r22, 0x00	; 0
     b2e:	70 e0       	ldi	r23, 0x00	; 0
     b30:	cb 01       	movw	r24, r22
     b32:	1f 91       	pop	r17
     b34:	08 95       	ret

00000b36 <LCD_voidLCDInit>:
#include "LCD_config.h"
#include "LCD_private.h"
#include "LCD_int.h"

void LCD_voidLCDInit(void)
{
     b36:	0f 93       	push	r16
     b38:	1f 93       	push	r17
     b3a:	df 93       	push	r29
     b3c:	cf 93       	push	r28
     b3e:	cd b7       	in	r28, 0x3d	; 61
     b40:	de b7       	in	r29, 0x3e	; 62
     b42:	c6 54       	subi	r28, 0x46	; 70
     b44:	d0 40       	sbci	r29, 0x00	; 0
     b46:	0f b6       	in	r0, 0x3f	; 63
     b48:	f8 94       	cli
     b4a:	de bf       	out	0x3e, r29	; 62
     b4c:	0f be       	out	0x3f, r0	; 63
     b4e:	cd bf       	out	0x3d, r28	; 61
     b50:	fe 01       	movw	r30, r28
     b52:	ed 5b       	subi	r30, 0xBD	; 189
     b54:	ff 4f       	sbci	r31, 0xFF	; 255
     b56:	80 e0       	ldi	r24, 0x00	; 0
     b58:	90 e0       	ldi	r25, 0x00	; 0
     b5a:	a0 ef       	ldi	r26, 0xF0	; 240
     b5c:	b1 e4       	ldi	r27, 0x41	; 65
     b5e:	80 83       	st	Z, r24
     b60:	91 83       	std	Z+1, r25	; 0x01
     b62:	a2 83       	std	Z+2, r26	; 0x02
     b64:	b3 83       	std	Z+3, r27	; 0x03
 */
void
_delay_ms(double __ms)
{
	uint16_t __ticks;
	double __tmp = ((F_CPU) / 4e3) * __ms;
     b66:	8e 01       	movw	r16, r28
     b68:	01 5c       	subi	r16, 0xC1	; 193
     b6a:	1f 4f       	sbci	r17, 0xFF	; 255
     b6c:	fe 01       	movw	r30, r28
     b6e:	ed 5b       	subi	r30, 0xBD	; 189
     b70:	ff 4f       	sbci	r31, 0xFF	; 255
     b72:	60 81       	ld	r22, Z
     b74:	71 81       	ldd	r23, Z+1	; 0x01
     b76:	82 81       	ldd	r24, Z+2	; 0x02
     b78:	93 81       	ldd	r25, Z+3	; 0x03
     b7a:	20 e0       	ldi	r18, 0x00	; 0
     b7c:	30 e0       	ldi	r19, 0x00	; 0
     b7e:	4a ef       	ldi	r20, 0xFA	; 250
     b80:	54 e4       	ldi	r21, 0x44	; 68
     b82:	0e 94 17 02 	call	0x42e	; 0x42e <__mulsf3>
     b86:	dc 01       	movw	r26, r24
     b88:	cb 01       	movw	r24, r22
     b8a:	f8 01       	movw	r30, r16
     b8c:	80 83       	st	Z, r24
     b8e:	91 83       	std	Z+1, r25	; 0x01
     b90:	a2 83       	std	Z+2, r26	; 0x02
     b92:	b3 83       	std	Z+3, r27	; 0x03
	if (__tmp < 1.0)
     b94:	fe 01       	movw	r30, r28
     b96:	ff 96       	adiw	r30, 0x3f	; 63
     b98:	60 81       	ld	r22, Z
     b9a:	71 81       	ldd	r23, Z+1	; 0x01
     b9c:	82 81       	ldd	r24, Z+2	; 0x02
     b9e:	93 81       	ldd	r25, Z+3	; 0x03
     ba0:	20 e0       	ldi	r18, 0x00	; 0
     ba2:	30 e0       	ldi	r19, 0x00	; 0
     ba4:	40 e8       	ldi	r20, 0x80	; 128
     ba6:	5f e3       	ldi	r21, 0x3F	; 63
     ba8:	0e 94 71 03 	call	0x6e2	; 0x6e2 <__ltsf2>
     bac:	88 23       	and	r24, r24
     bae:	2c f4       	brge	.+10     	; 0xbba <LCD_voidLCDInit+0x84>
		__ticks = 1;
     bb0:	81 e0       	ldi	r24, 0x01	; 1
     bb2:	90 e0       	ldi	r25, 0x00	; 0
     bb4:	9e af       	std	Y+62, r25	; 0x3e
     bb6:	8d af       	std	Y+61, r24	; 0x3d
     bb8:	46 c0       	rjmp	.+140    	; 0xc46 <LCD_voidLCDInit+0x110>
	else if (__tmp > 65535)
     bba:	fe 01       	movw	r30, r28
     bbc:	ff 96       	adiw	r30, 0x3f	; 63
     bbe:	60 81       	ld	r22, Z
     bc0:	71 81       	ldd	r23, Z+1	; 0x01
     bc2:	82 81       	ldd	r24, Z+2	; 0x02
     bc4:	93 81       	ldd	r25, Z+3	; 0x03
     bc6:	20 e0       	ldi	r18, 0x00	; 0
     bc8:	3f ef       	ldi	r19, 0xFF	; 255
     bca:	4f e7       	ldi	r20, 0x7F	; 127
     bcc:	57 e4       	ldi	r21, 0x47	; 71
     bce:	0e 94 11 03 	call	0x622	; 0x622 <__gtsf2>
     bd2:	18 16       	cp	r1, r24
     bd4:	64 f5       	brge	.+88     	; 0xc2e <LCD_voidLCDInit+0xf8>
	{
		//	__ticks = requested delay in 1/10 ms
		__ticks = (uint16_t) (__ms * 10.0);
     bd6:	fe 01       	movw	r30, r28
     bd8:	ed 5b       	subi	r30, 0xBD	; 189
     bda:	ff 4f       	sbci	r31, 0xFF	; 255
     bdc:	60 81       	ld	r22, Z
     bde:	71 81       	ldd	r23, Z+1	; 0x01
     be0:	82 81       	ldd	r24, Z+2	; 0x02
     be2:	93 81       	ldd	r25, Z+3	; 0x03
     be4:	20 e0       	ldi	r18, 0x00	; 0
     be6:	30 e0       	ldi	r19, 0x00	; 0
     be8:	40 e2       	ldi	r20, 0x20	; 32
     bea:	51 e4       	ldi	r21, 0x41	; 65
     bec:	0e 94 17 02 	call	0x42e	; 0x42e <__mulsf3>
     bf0:	dc 01       	movw	r26, r24
     bf2:	cb 01       	movw	r24, r22
     bf4:	bc 01       	movw	r22, r24
     bf6:	cd 01       	movw	r24, r26
     bf8:	0e 94 41 00 	call	0x82	; 0x82 <__fixunssfsi>
     bfc:	dc 01       	movw	r26, r24
     bfe:	cb 01       	movw	r24, r22
     c00:	9e af       	std	Y+62, r25	; 0x3e
     c02:	8d af       	std	Y+61, r24	; 0x3d
     c04:	0f c0       	rjmp	.+30     	; 0xc24 <LCD_voidLCDInit+0xee>
     c06:	88 ec       	ldi	r24, 0xC8	; 200
     c08:	90 e0       	ldi	r25, 0x00	; 0
     c0a:	9c af       	std	Y+60, r25	; 0x3c
     c0c:	8b af       	std	Y+59, r24	; 0x3b
    milliseconds can be achieved.
 */
void
_delay_loop_2(uint16_t __count)
{
	__asm__ volatile (
     c0e:	8b ad       	ldd	r24, Y+59	; 0x3b
     c10:	9c ad       	ldd	r25, Y+60	; 0x3c
     c12:	01 97       	sbiw	r24, 0x01	; 1
     c14:	f1 f7       	brne	.-4      	; 0xc12 <LCD_voidLCDInit+0xdc>
     c16:	9c af       	std	Y+60, r25	; 0x3c
     c18:	8b af       	std	Y+59, r24	; 0x3b
		while(__ticks)
		{
			// wait 1/10 ms
			_delay_loop_2(((F_CPU) / 4e3) / 10);
			__ticks --;
     c1a:	8d ad       	ldd	r24, Y+61	; 0x3d
     c1c:	9e ad       	ldd	r25, Y+62	; 0x3e
     c1e:	01 97       	sbiw	r24, 0x01	; 1
     c20:	9e af       	std	Y+62, r25	; 0x3e
     c22:	8d af       	std	Y+61, r24	; 0x3d
		__ticks = 1;
	else if (__tmp > 65535)
	{
		//	__ticks = requested delay in 1/10 ms
		__ticks = (uint16_t) (__ms * 10.0);
		while(__ticks)
     c24:	8d ad       	ldd	r24, Y+61	; 0x3d
     c26:	9e ad       	ldd	r25, Y+62	; 0x3e
     c28:	00 97       	sbiw	r24, 0x00	; 0
     c2a:	69 f7       	brne	.-38     	; 0xc06 <LCD_voidLCDInit+0xd0>
     c2c:	16 c0       	rjmp	.+44     	; 0xc5a <LCD_voidLCDInit+0x124>
			__ticks --;
		}
		return;
	}
	else
		__ticks = (uint16_t)__tmp;
     c2e:	fe 01       	movw	r30, r28
     c30:	ff 96       	adiw	r30, 0x3f	; 63
     c32:	60 81       	ld	r22, Z
     c34:	71 81       	ldd	r23, Z+1	; 0x01
     c36:	82 81       	ldd	r24, Z+2	; 0x02
     c38:	93 81       	ldd	r25, Z+3	; 0x03
     c3a:	0e 94 41 00 	call	0x82	; 0x82 <__fixunssfsi>
     c3e:	dc 01       	movw	r26, r24
     c40:	cb 01       	movw	r24, r22
     c42:	9e af       	std	Y+62, r25	; 0x3e
     c44:	8d af       	std	Y+61, r24	; 0x3d
     c46:	8d ad       	ldd	r24, Y+61	; 0x3d
     c48:	9e ad       	ldd	r25, Y+62	; 0x3e
     c4a:	9a af       	std	Y+58, r25	; 0x3a
     c4c:	89 af       	std	Y+57, r24	; 0x39
     c4e:	89 ad       	ldd	r24, Y+57	; 0x39
     c50:	9a ad       	ldd	r25, Y+58	; 0x3a
     c52:	01 97       	sbiw	r24, 0x01	; 1
     c54:	f1 f7       	brne	.-4      	; 0xc52 <LCD_voidLCDInit+0x11c>
     c56:	9a af       	std	Y+58, r25	; 0x3a
     c58:	89 af       	std	Y+57, r24	; 0x39
    _delay_ms(30);

    LCD_voidSendCommand(0x38);
     c5a:	88 e3       	ldi	r24, 0x38	; 56
     c5c:	0e 94 0d 08 	call	0x101a	; 0x101a <LCD_voidSendCommand>
     c60:	80 e0       	ldi	r24, 0x00	; 0
     c62:	90 e0       	ldi	r25, 0x00	; 0
     c64:	a0 e8       	ldi	r26, 0x80	; 128
     c66:	bf e3       	ldi	r27, 0x3F	; 63
     c68:	8d ab       	std	Y+53, r24	; 0x35
     c6a:	9e ab       	std	Y+54, r25	; 0x36
     c6c:	af ab       	std	Y+55, r26	; 0x37
     c6e:	b8 af       	std	Y+56, r27	; 0x38
 */
void
_delay_ms(double __ms)
{
	uint16_t __ticks;
	double __tmp = ((F_CPU) / 4e3) * __ms;
     c70:	6d a9       	ldd	r22, Y+53	; 0x35
     c72:	7e a9       	ldd	r23, Y+54	; 0x36
     c74:	8f a9       	ldd	r24, Y+55	; 0x37
     c76:	98 ad       	ldd	r25, Y+56	; 0x38
     c78:	20 e0       	ldi	r18, 0x00	; 0
     c7a:	30 e0       	ldi	r19, 0x00	; 0
     c7c:	4a ef       	ldi	r20, 0xFA	; 250
     c7e:	54 e4       	ldi	r21, 0x44	; 68
     c80:	0e 94 17 02 	call	0x42e	; 0x42e <__mulsf3>
     c84:	dc 01       	movw	r26, r24
     c86:	cb 01       	movw	r24, r22
     c88:	89 ab       	std	Y+49, r24	; 0x31
     c8a:	9a ab       	std	Y+50, r25	; 0x32
     c8c:	ab ab       	std	Y+51, r26	; 0x33
     c8e:	bc ab       	std	Y+52, r27	; 0x34
	if (__tmp < 1.0)
     c90:	69 a9       	ldd	r22, Y+49	; 0x31
     c92:	7a a9       	ldd	r23, Y+50	; 0x32
     c94:	8b a9       	ldd	r24, Y+51	; 0x33
     c96:	9c a9       	ldd	r25, Y+52	; 0x34
     c98:	20 e0       	ldi	r18, 0x00	; 0
     c9a:	30 e0       	ldi	r19, 0x00	; 0
     c9c:	40 e8       	ldi	r20, 0x80	; 128
     c9e:	5f e3       	ldi	r21, 0x3F	; 63
     ca0:	0e 94 71 03 	call	0x6e2	; 0x6e2 <__ltsf2>
     ca4:	88 23       	and	r24, r24
     ca6:	2c f4       	brge	.+10     	; 0xcb2 <LCD_voidLCDInit+0x17c>
		__ticks = 1;
     ca8:	81 e0       	ldi	r24, 0x01	; 1
     caa:	90 e0       	ldi	r25, 0x00	; 0
     cac:	98 ab       	std	Y+48, r25	; 0x30
     cae:	8f a7       	std	Y+47, r24	; 0x2f
     cb0:	3f c0       	rjmp	.+126    	; 0xd30 <LCD_voidLCDInit+0x1fa>
	else if (__tmp > 65535)
     cb2:	69 a9       	ldd	r22, Y+49	; 0x31
     cb4:	7a a9       	ldd	r23, Y+50	; 0x32
     cb6:	8b a9       	ldd	r24, Y+51	; 0x33
     cb8:	9c a9       	ldd	r25, Y+52	; 0x34
     cba:	20 e0       	ldi	r18, 0x00	; 0
     cbc:	3f ef       	ldi	r19, 0xFF	; 255
     cbe:	4f e7       	ldi	r20, 0x7F	; 127
     cc0:	57 e4       	ldi	r21, 0x47	; 71
     cc2:	0e 94 11 03 	call	0x622	; 0x622 <__gtsf2>
     cc6:	18 16       	cp	r1, r24
     cc8:	4c f5       	brge	.+82     	; 0xd1c <LCD_voidLCDInit+0x1e6>
	{
		//	__ticks = requested delay in 1/10 ms
		__ticks = (uint16_t) (__ms * 10.0);
     cca:	6d a9       	ldd	r22, Y+53	; 0x35
     ccc:	7e a9       	ldd	r23, Y+54	; 0x36
     cce:	8f a9       	ldd	r24, Y+55	; 0x37
     cd0:	98 ad       	ldd	r25, Y+56	; 0x38
     cd2:	20 e0       	ldi	r18, 0x00	; 0
     cd4:	30 e0       	ldi	r19, 0x00	; 0
     cd6:	40 e2       	ldi	r20, 0x20	; 32
     cd8:	51 e4       	ldi	r21, 0x41	; 65
     cda:	0e 94 17 02 	call	0x42e	; 0x42e <__mulsf3>
     cde:	dc 01       	movw	r26, r24
     ce0:	cb 01       	movw	r24, r22
     ce2:	bc 01       	movw	r22, r24
     ce4:	cd 01       	movw	r24, r26
     ce6:	0e 94 41 00 	call	0x82	; 0x82 <__fixunssfsi>
     cea:	dc 01       	movw	r26, r24
     cec:	cb 01       	movw	r24, r22
     cee:	98 ab       	std	Y+48, r25	; 0x30
     cf0:	8f a7       	std	Y+47, r24	; 0x2f
     cf2:	0f c0       	rjmp	.+30     	; 0xd12 <LCD_voidLCDInit+0x1dc>
     cf4:	88 ec       	ldi	r24, 0xC8	; 200
     cf6:	90 e0       	ldi	r25, 0x00	; 0
     cf8:	9e a7       	std	Y+46, r25	; 0x2e
     cfa:	8d a7       	std	Y+45, r24	; 0x2d
     cfc:	8d a5       	ldd	r24, Y+45	; 0x2d
     cfe:	9e a5       	ldd	r25, Y+46	; 0x2e
     d00:	01 97       	sbiw	r24, 0x01	; 1
     d02:	f1 f7       	brne	.-4      	; 0xd00 <LCD_voidLCDInit+0x1ca>
     d04:	9e a7       	std	Y+46, r25	; 0x2e
     d06:	8d a7       	std	Y+45, r24	; 0x2d
		while(__ticks)
		{
			// wait 1/10 ms
			_delay_loop_2(((F_CPU) / 4e3) / 10);
			__ticks --;
     d08:	8f a5       	ldd	r24, Y+47	; 0x2f
     d0a:	98 a9       	ldd	r25, Y+48	; 0x30
     d0c:	01 97       	sbiw	r24, 0x01	; 1
     d0e:	98 ab       	std	Y+48, r25	; 0x30
     d10:	8f a7       	std	Y+47, r24	; 0x2f
		__ticks = 1;
	else if (__tmp > 65535)
	{
		//	__ticks = requested delay in 1/10 ms
		__ticks = (uint16_t) (__ms * 10.0);
		while(__ticks)
     d12:	8f a5       	ldd	r24, Y+47	; 0x2f
     d14:	98 a9       	ldd	r25, Y+48	; 0x30
     d16:	00 97       	sbiw	r24, 0x00	; 0
     d18:	69 f7       	brne	.-38     	; 0xcf4 <LCD_voidLCDInit+0x1be>
     d1a:	14 c0       	rjmp	.+40     	; 0xd44 <LCD_voidLCDInit+0x20e>
			__ticks --;
		}
		return;
	}
	else
		__ticks = (uint16_t)__tmp;
     d1c:	69 a9       	ldd	r22, Y+49	; 0x31
     d1e:	7a a9       	ldd	r23, Y+50	; 0x32
     d20:	8b a9       	ldd	r24, Y+51	; 0x33
     d22:	9c a9       	ldd	r25, Y+52	; 0x34
     d24:	0e 94 41 00 	call	0x82	; 0x82 <__fixunssfsi>
     d28:	dc 01       	movw	r26, r24
     d2a:	cb 01       	movw	r24, r22
     d2c:	98 ab       	std	Y+48, r25	; 0x30
     d2e:	8f a7       	std	Y+47, r24	; 0x2f
     d30:	8f a5       	ldd	r24, Y+47	; 0x2f
     d32:	98 a9       	ldd	r25, Y+48	; 0x30
     d34:	9c a7       	std	Y+44, r25	; 0x2c
     d36:	8b a7       	std	Y+43, r24	; 0x2b
     d38:	8b a5       	ldd	r24, Y+43	; 0x2b
     d3a:	9c a5       	ldd	r25, Y+44	; 0x2c
     d3c:	01 97       	sbiw	r24, 0x01	; 1
     d3e:	f1 f7       	brne	.-4      	; 0xd3c <LCD_voidLCDInit+0x206>
     d40:	9c a7       	std	Y+44, r25	; 0x2c
     d42:	8b a7       	std	Y+43, r24	; 0x2b
    _delay_ms(1);

    LCD_voidSendCommand(0x0C);
     d44:	8c e0       	ldi	r24, 0x0C	; 12
     d46:	0e 94 0d 08 	call	0x101a	; 0x101a <LCD_voidSendCommand>
     d4a:	80 e0       	ldi	r24, 0x00	; 0
     d4c:	90 e0       	ldi	r25, 0x00	; 0
     d4e:	a0 e8       	ldi	r26, 0x80	; 128
     d50:	bf e3       	ldi	r27, 0x3F	; 63
     d52:	8f a3       	std	Y+39, r24	; 0x27
     d54:	98 a7       	std	Y+40, r25	; 0x28
     d56:	a9 a7       	std	Y+41, r26	; 0x29
     d58:	ba a7       	std	Y+42, r27	; 0x2a
 */
void
_delay_ms(double __ms)
{
	uint16_t __ticks;
	double __tmp = ((F_CPU) / 4e3) * __ms;
     d5a:	6f a1       	ldd	r22, Y+39	; 0x27
     d5c:	78 a5       	ldd	r23, Y+40	; 0x28
     d5e:	89 a5       	ldd	r24, Y+41	; 0x29
     d60:	9a a5       	ldd	r25, Y+42	; 0x2a
     d62:	20 e0       	ldi	r18, 0x00	; 0
     d64:	30 e0       	ldi	r19, 0x00	; 0
     d66:	4a ef       	ldi	r20, 0xFA	; 250
     d68:	54 e4       	ldi	r21, 0x44	; 68
     d6a:	0e 94 17 02 	call	0x42e	; 0x42e <__mulsf3>
     d6e:	dc 01       	movw	r26, r24
     d70:	cb 01       	movw	r24, r22
     d72:	8b a3       	std	Y+35, r24	; 0x23
     d74:	9c a3       	std	Y+36, r25	; 0x24
     d76:	ad a3       	std	Y+37, r26	; 0x25
     d78:	be a3       	std	Y+38, r27	; 0x26
	if (__tmp < 1.0)
     d7a:	6b a1       	ldd	r22, Y+35	; 0x23
     d7c:	7c a1       	ldd	r23, Y+36	; 0x24
     d7e:	8d a1       	ldd	r24, Y+37	; 0x25
     d80:	9e a1       	ldd	r25, Y+38	; 0x26
     d82:	20 e0       	ldi	r18, 0x00	; 0
     d84:	30 e0       	ldi	r19, 0x00	; 0
     d86:	40 e8       	ldi	r20, 0x80	; 128
     d88:	5f e3       	ldi	r21, 0x3F	; 63
     d8a:	0e 94 71 03 	call	0x6e2	; 0x6e2 <__ltsf2>
     d8e:	88 23       	and	r24, r24
     d90:	2c f4       	brge	.+10     	; 0xd9c <LCD_voidLCDInit+0x266>
		__ticks = 1;
     d92:	81 e0       	ldi	r24, 0x01	; 1
     d94:	90 e0       	ldi	r25, 0x00	; 0
     d96:	9a a3       	std	Y+34, r25	; 0x22
     d98:	89 a3       	std	Y+33, r24	; 0x21
     d9a:	3f c0       	rjmp	.+126    	; 0xe1a <LCD_voidLCDInit+0x2e4>
	else if (__tmp > 65535)
     d9c:	6b a1       	ldd	r22, Y+35	; 0x23
     d9e:	7c a1       	ldd	r23, Y+36	; 0x24
     da0:	8d a1       	ldd	r24, Y+37	; 0x25
     da2:	9e a1       	ldd	r25, Y+38	; 0x26
     da4:	20 e0       	ldi	r18, 0x00	; 0
     da6:	3f ef       	ldi	r19, 0xFF	; 255
     da8:	4f e7       	ldi	r20, 0x7F	; 127
     daa:	57 e4       	ldi	r21, 0x47	; 71
     dac:	0e 94 11 03 	call	0x622	; 0x622 <__gtsf2>
     db0:	18 16       	cp	r1, r24
     db2:	4c f5       	brge	.+82     	; 0xe06 <LCD_voidLCDInit+0x2d0>
	{
		//	__ticks = requested delay in 1/10 ms
		__ticks = (uint16_t) (__ms * 10.0);
     db4:	6f a1       	ldd	r22, Y+39	; 0x27
     db6:	78 a5       	ldd	r23, Y+40	; 0x28
     db8:	89 a5       	ldd	r24, Y+41	; 0x29
     dba:	9a a5       	ldd	r25, Y+42	; 0x2a
     dbc:	20 e0       	ldi	r18, 0x00	; 0
     dbe:	30 e0       	ldi	r19, 0x00	; 0
     dc0:	40 e2       	ldi	r20, 0x20	; 32
     dc2:	51 e4       	ldi	r21, 0x41	; 65
     dc4:	0e 94 17 02 	call	0x42e	; 0x42e <__mulsf3>
     dc8:	dc 01       	movw	r26, r24
     dca:	cb 01       	movw	r24, r22
     dcc:	bc 01       	movw	r22, r24
     dce:	cd 01       	movw	r24, r26
     dd0:	0e 94 41 00 	call	0x82	; 0x82 <__fixunssfsi>
     dd4:	dc 01       	movw	r26, r24
     dd6:	cb 01       	movw	r24, r22
     dd8:	9a a3       	std	Y+34, r25	; 0x22
     dda:	89 a3       	std	Y+33, r24	; 0x21
     ddc:	0f c0       	rjmp	.+30     	; 0xdfc <LCD_voidLCDInit+0x2c6>
     dde:	88 ec       	ldi	r24, 0xC8	; 200
     de0:	90 e0       	ldi	r25, 0x00	; 0
     de2:	98 a3       	std	Y+32, r25	; 0x20
     de4:	8f 8f       	std	Y+31, r24	; 0x1f
     de6:	8f 8d       	ldd	r24, Y+31	; 0x1f
     de8:	98 a1       	ldd	r25, Y+32	; 0x20
     dea:	01 97       	sbiw	r24, 0x01	; 1
     dec:	f1 f7       	brne	.-4      	; 0xdea <LCD_voidLCDInit+0x2b4>
     dee:	98 a3       	std	Y+32, r25	; 0x20
     df0:	8f 8f       	std	Y+31, r24	; 0x1f
		while(__ticks)
		{
			// wait 1/10 ms
			_delay_loop_2(((F_CPU) / 4e3) / 10);
			__ticks --;
     df2:	89 a1       	ldd	r24, Y+33	; 0x21
     df4:	9a a1       	ldd	r25, Y+34	; 0x22
     df6:	01 97       	sbiw	r24, 0x01	; 1
     df8:	9a a3       	std	Y+34, r25	; 0x22
     dfa:	89 a3       	std	Y+33, r24	; 0x21
		__ticks = 1;
	else if (__tmp > 65535)
	{
		//	__ticks = requested delay in 1/10 ms
		__ticks = (uint16_t) (__ms * 10.0);
		while(__ticks)
     dfc:	89 a1       	ldd	r24, Y+33	; 0x21
     dfe:	9a a1       	ldd	r25, Y+34	; 0x22
     e00:	00 97       	sbiw	r24, 0x00	; 0
     e02:	69 f7       	brne	.-38     	; 0xdde <LCD_voidLCDInit+0x2a8>
     e04:	14 c0       	rjmp	.+40     	; 0xe2e <LCD_voidLCDInit+0x2f8>
			__ticks --;
		}
		return;
	}
	else
		__ticks = (uint16_t)__tmp;
     e06:	6b a1       	ldd	r22, Y+35	; 0x23
     e08:	7c a1       	ldd	r23, Y+36	; 0x24
     e0a:	8d a1       	ldd	r24, Y+37	; 0x25
     e0c:	9e a1       	ldd	r25, Y+38	; 0x26
     e0e:	0e 94 41 00 	call	0x82	; 0x82 <__fixunssfsi>
     e12:	dc 01       	movw	r26, r24
     e14:	cb 01       	movw	r24, r22
     e16:	9a a3       	std	Y+34, r25	; 0x22
     e18:	89 a3       	std	Y+33, r24	; 0x21
     e1a:	89 a1       	ldd	r24, Y+33	; 0x21
     e1c:	9a a1       	ldd	r25, Y+34	; 0x22
     e1e:	9e 8f       	std	Y+30, r25	; 0x1e
     e20:	8d 8f       	std	Y+29, r24	; 0x1d
     e22:	8d 8d       	ldd	r24, Y+29	; 0x1d
     e24:	9e 8d       	ldd	r25, Y+30	; 0x1e
     e26:	01 97       	sbiw	r24, 0x01	; 1
     e28:	f1 f7       	brne	.-4      	; 0xe26 <LCD_voidLCDInit+0x2f0>
     e2a:	9e 8f       	std	Y+30, r25	; 0x1e
     e2c:	8d 8f       	std	Y+29, r24	; 0x1d
    _delay_ms(1);

    LCD_voidSendCommand(0x01);
     e2e:	81 e0       	ldi	r24, 0x01	; 1
     e30:	0e 94 0d 08 	call	0x101a	; 0x101a <LCD_voidSendCommand>
     e34:	80 e0       	ldi	r24, 0x00	; 0
     e36:	90 e0       	ldi	r25, 0x00	; 0
     e38:	a0 e0       	ldi	r26, 0x00	; 0
     e3a:	b0 e4       	ldi	r27, 0x40	; 64
     e3c:	89 8f       	std	Y+25, r24	; 0x19
     e3e:	9a 8f       	std	Y+26, r25	; 0x1a
     e40:	ab 8f       	std	Y+27, r26	; 0x1b
     e42:	bc 8f       	std	Y+28, r27	; 0x1c
 */
void
_delay_ms(double __ms)
{
	uint16_t __ticks;
	double __tmp = ((F_CPU) / 4e3) * __ms;
     e44:	69 8d       	ldd	r22, Y+25	; 0x19
     e46:	7a 8d       	ldd	r23, Y+26	; 0x1a
     e48:	8b 8d       	ldd	r24, Y+27	; 0x1b
     e4a:	9c 8d       	ldd	r25, Y+28	; 0x1c
     e4c:	20 e0       	ldi	r18, 0x00	; 0
     e4e:	30 e0       	ldi	r19, 0x00	; 0
     e50:	4a ef       	ldi	r20, 0xFA	; 250
     e52:	54 e4       	ldi	r21, 0x44	; 68
     e54:	0e 94 17 02 	call	0x42e	; 0x42e <__mulsf3>
     e58:	dc 01       	movw	r26, r24
     e5a:	cb 01       	movw	r24, r22
     e5c:	8d 8b       	std	Y+21, r24	; 0x15
     e5e:	9e 8b       	std	Y+22, r25	; 0x16
     e60:	af 8b       	std	Y+23, r26	; 0x17
     e62:	b8 8f       	std	Y+24, r27	; 0x18
	if (__tmp < 1.0)
     e64:	6d 89       	ldd	r22, Y+21	; 0x15
     e66:	7e 89       	ldd	r23, Y+22	; 0x16
     e68:	8f 89       	ldd	r24, Y+23	; 0x17
     e6a:	98 8d       	ldd	r25, Y+24	; 0x18
     e6c:	20 e0       	ldi	r18, 0x00	; 0
     e6e:	30 e0       	ldi	r19, 0x00	; 0
     e70:	40 e8       	ldi	r20, 0x80	; 128
     e72:	5f e3       	ldi	r21, 0x3F	; 63
     e74:	0e 94 71 03 	call	0x6e2	; 0x6e2 <__ltsf2>
     e78:	88 23       	and	r24, r24
     e7a:	2c f4       	brge	.+10     	; 0xe86 <LCD_voidLCDInit+0x350>
		__ticks = 1;
     e7c:	81 e0       	ldi	r24, 0x01	; 1
     e7e:	90 e0       	ldi	r25, 0x00	; 0
     e80:	9c 8b       	std	Y+20, r25	; 0x14
     e82:	8b 8b       	std	Y+19, r24	; 0x13
     e84:	3f c0       	rjmp	.+126    	; 0xf04 <LCD_voidLCDInit+0x3ce>
	else if (__tmp > 65535)
     e86:	6d 89       	ldd	r22, Y+21	; 0x15
     e88:	7e 89       	ldd	r23, Y+22	; 0x16
     e8a:	8f 89       	ldd	r24, Y+23	; 0x17
     e8c:	98 8d       	ldd	r25, Y+24	; 0x18
     e8e:	20 e0       	ldi	r18, 0x00	; 0
     e90:	3f ef       	ldi	r19, 0xFF	; 255
     e92:	4f e7       	ldi	r20, 0x7F	; 127
     e94:	57 e4       	ldi	r21, 0x47	; 71
     e96:	0e 94 11 03 	call	0x622	; 0x622 <__gtsf2>
     e9a:	18 16       	cp	r1, r24
     e9c:	4c f5       	brge	.+82     	; 0xef0 <LCD_voidLCDInit+0x3ba>
	{
		//	__ticks = requested delay in 1/10 ms
		__ticks = (uint16_t) (__ms * 10.0);
     e9e:	69 8d       	ldd	r22, Y+25	; 0x19
     ea0:	7a 8d       	ldd	r23, Y+26	; 0x1a
     ea2:	8b 8d       	ldd	r24, Y+27	; 0x1b
     ea4:	9c 8d       	ldd	r25, Y+28	; 0x1c
     ea6:	20 e0       	ldi	r18, 0x00	; 0
     ea8:	30 e0       	ldi	r19, 0x00	; 0
     eaa:	40 e2       	ldi	r20, 0x20	; 32
     eac:	51 e4       	ldi	r21, 0x41	; 65
     eae:	0e 94 17 02 	call	0x42e	; 0x42e <__mulsf3>
     eb2:	dc 01       	movw	r26, r24
     eb4:	cb 01       	movw	r24, r22
     eb6:	bc 01       	movw	r22, r24
     eb8:	cd 01       	movw	r24, r26
     eba:	0e 94 41 00 	call	0x82	; 0x82 <__fixunssfsi>
     ebe:	dc 01       	movw	r26, r24
     ec0:	cb 01       	movw	r24, r22
     ec2:	9c 8b       	std	Y+20, r25	; 0x14
     ec4:	8b 8b       	std	Y+19, r24	; 0x13
     ec6:	0f c0       	rjmp	.+30     	; 0xee6 <LCD_voidLCDInit+0x3b0>
     ec8:	88 ec       	ldi	r24, 0xC8	; 200
     eca:	90 e0       	ldi	r25, 0x00	; 0
     ecc:	9a 8b       	std	Y+18, r25	; 0x12
     ece:	89 8b       	std	Y+17, r24	; 0x11
     ed0:	89 89       	ldd	r24, Y+17	; 0x11
     ed2:	9a 89       	ldd	r25, Y+18	; 0x12
     ed4:	01 97       	sbiw	r24, 0x01	; 1
     ed6:	f1 f7       	brne	.-4      	; 0xed4 <LCD_voidLCDInit+0x39e>
     ed8:	9a 8b       	std	Y+18, r25	; 0x12
     eda:	89 8b       	std	Y+17, r24	; 0x11
		while(__ticks)
		{
			// wait 1/10 ms
			_delay_loop_2(((F_CPU) / 4e3) / 10);
			__ticks --;
     edc:	8b 89       	ldd	r24, Y+19	; 0x13
     ede:	9c 89       	ldd	r25, Y+20	; 0x14
     ee0:	01 97       	sbiw	r24, 0x01	; 1
     ee2:	9c 8b       	std	Y+20, r25	; 0x14
     ee4:	8b 8b       	std	Y+19, r24	; 0x13
		__ticks = 1;
	else if (__tmp > 65535)
	{
		//	__ticks = requested delay in 1/10 ms
		__ticks = (uint16_t) (__ms * 10.0);
		while(__ticks)
     ee6:	8b 89       	ldd	r24, Y+19	; 0x13
     ee8:	9c 89       	ldd	r25, Y+20	; 0x14
     eea:	00 97       	sbiw	r24, 0x00	; 0
     eec:	69 f7       	brne	.-38     	; 0xec8 <LCD_voidLCDInit+0x392>
     eee:	14 c0       	rjmp	.+40     	; 0xf18 <LCD_voidLCDInit+0x3e2>
			__ticks --;
		}
		return;
	}
	else
		__ticks = (uint16_t)__tmp;
     ef0:	6d 89       	ldd	r22, Y+21	; 0x15
     ef2:	7e 89       	ldd	r23, Y+22	; 0x16
     ef4:	8f 89       	ldd	r24, Y+23	; 0x17
     ef6:	98 8d       	ldd	r25, Y+24	; 0x18
     ef8:	0e 94 41 00 	call	0x82	; 0x82 <__fixunssfsi>
     efc:	dc 01       	movw	r26, r24
     efe:	cb 01       	movw	r24, r22
     f00:	9c 8b       	std	Y+20, r25	; 0x14
     f02:	8b 8b       	std	Y+19, r24	; 0x13
     f04:	8b 89       	ldd	r24, Y+19	; 0x13
     f06:	9c 89       	ldd	r25, Y+20	; 0x14
     f08:	98 8b       	std	Y+16, r25	; 0x10
     f0a:	8f 87       	std	Y+15, r24	; 0x0f
     f0c:	8f 85       	ldd	r24, Y+15	; 0x0f
     f0e:	98 89       	ldd	r25, Y+16	; 0x10
     f10:	01 97       	sbiw	r24, 0x01	; 1
     f12:	f1 f7       	brne	.-4      	; 0xf10 <LCD_voidLCDInit+0x3da>
     f14:	98 8b       	std	Y+16, r25	; 0x10
     f16:	8f 87       	std	Y+15, r24	; 0x0f
    _delay_ms(2);

    LCD_voidSendCommand(0x06);
     f18:	86 e0       	ldi	r24, 0x06	; 6
     f1a:	0e 94 0d 08 	call	0x101a	; 0x101a <LCD_voidSendCommand>
     f1e:	80 e0       	ldi	r24, 0x00	; 0
     f20:	90 e0       	ldi	r25, 0x00	; 0
     f22:	a0 e8       	ldi	r26, 0x80	; 128
     f24:	bf e3       	ldi	r27, 0x3F	; 63
     f26:	8b 87       	std	Y+11, r24	; 0x0b
     f28:	9c 87       	std	Y+12, r25	; 0x0c
     f2a:	ad 87       	std	Y+13, r26	; 0x0d
     f2c:	be 87       	std	Y+14, r27	; 0x0e
 */
void
_delay_ms(double __ms)
{
	uint16_t __ticks;
	double __tmp = ((F_CPU) / 4e3) * __ms;
     f2e:	6b 85       	ldd	r22, Y+11	; 0x0b
     f30:	7c 85       	ldd	r23, Y+12	; 0x0c
     f32:	8d 85       	ldd	r24, Y+13	; 0x0d
     f34:	9e 85       	ldd	r25, Y+14	; 0x0e
     f36:	20 e0       	ldi	r18, 0x00	; 0
     f38:	30 e0       	ldi	r19, 0x00	; 0
     f3a:	4a ef       	ldi	r20, 0xFA	; 250
     f3c:	54 e4       	ldi	r21, 0x44	; 68
     f3e:	0e 94 17 02 	call	0x42e	; 0x42e <__mulsf3>
     f42:	dc 01       	movw	r26, r24
     f44:	cb 01       	movw	r24, r22
     f46:	8f 83       	std	Y+7, r24	; 0x07
     f48:	98 87       	std	Y+8, r25	; 0x08
     f4a:	a9 87       	std	Y+9, r26	; 0x09
     f4c:	ba 87       	std	Y+10, r27	; 0x0a
	if (__tmp < 1.0)
     f4e:	6f 81       	ldd	r22, Y+7	; 0x07
     f50:	78 85       	ldd	r23, Y+8	; 0x08
     f52:	89 85       	ldd	r24, Y+9	; 0x09
     f54:	9a 85       	ldd	r25, Y+10	; 0x0a
     f56:	20 e0       	ldi	r18, 0x00	; 0
     f58:	30 e0       	ldi	r19, 0x00	; 0
     f5a:	40 e8       	ldi	r20, 0x80	; 128
     f5c:	5f e3       	ldi	r21, 0x3F	; 63
     f5e:	0e 94 71 03 	call	0x6e2	; 0x6e2 <__ltsf2>
     f62:	88 23       	and	r24, r24
     f64:	2c f4       	brge	.+10     	; 0xf70 <LCD_voidLCDInit+0x43a>
		__ticks = 1;
     f66:	81 e0       	ldi	r24, 0x01	; 1
     f68:	90 e0       	ldi	r25, 0x00	; 0
     f6a:	9e 83       	std	Y+6, r25	; 0x06
     f6c:	8d 83       	std	Y+5, r24	; 0x05
     f6e:	3f c0       	rjmp	.+126    	; 0xfee <LCD_voidLCDInit+0x4b8>
	else if (__tmp > 65535)
     f70:	6f 81       	ldd	r22, Y+7	; 0x07
     f72:	78 85       	ldd	r23, Y+8	; 0x08
     f74:	89 85       	ldd	r24, Y+9	; 0x09
     f76:	9a 85       	ldd	r25, Y+10	; 0x0a
     f78:	20 e0       	ldi	r18, 0x00	; 0
     f7a:	3f ef       	ldi	r19, 0xFF	; 255
     f7c:	4f e7       	ldi	r20, 0x7F	; 127
     f7e:	57 e4       	ldi	r21, 0x47	; 71
     f80:	0e 94 11 03 	call	0x622	; 0x622 <__gtsf2>
     f84:	18 16       	cp	r1, r24
     f86:	4c f5       	brge	.+82     	; 0xfda <LCD_voidLCDInit+0x4a4>
	{
		//	__ticks = requested delay in 1/10 ms
		__ticks = (uint16_t) (__ms * 10.0);
     f88:	6b 85       	ldd	r22, Y+11	; 0x0b
     f8a:	7c 85       	ldd	r23, Y+12	; 0x0c
     f8c:	8d 85       	ldd	r24, Y+13	; 0x0d
     f8e:	9e 85       	ldd	r25, Y+14	; 0x0e
     f90:	20 e0       	ldi	r18, 0x00	; 0
     f92:	30 e0       	ldi	r19, 0x00	; 0
     f94:	40 e2       	ldi	r20, 0x20	; 32
     f96:	51 e4       	ldi	r21, 0x41	; 65
     f98:	0e 94 17 02 	call	0x42e	; 0x42e <__mulsf3>
     f9c:	dc 01       	movw	r26, r24
     f9e:	cb 01       	movw	r24, r22
     fa0:	bc 01       	movw	r22, r24
     fa2:	cd 01       	movw	r24, r26
     fa4:	0e 94 41 00 	call	0x82	; 0x82 <__fixunssfsi>
     fa8:	dc 01       	movw	r26, r24
     faa:	cb 01       	movw	r24, r22
     fac:	9e 83       	std	Y+6, r25	; 0x06
     fae:	8d 83       	std	Y+5, r24	; 0x05
     fb0:	0f c0       	rjmp	.+30     	; 0xfd0 <LCD_voidLCDInit+0x49a>
     fb2:	88 ec       	ldi	r24, 0xC8	; 200
     fb4:	90 e0       	ldi	r25, 0x00	; 0
     fb6:	9c 83       	std	Y+4, r25	; 0x04
     fb8:	8b 83       	std	Y+3, r24	; 0x03
     fba:	8b 81       	ldd	r24, Y+3	; 0x03
     fbc:	9c 81       	ldd	r25, Y+4	; 0x04
     fbe:	01 97       	sbiw	r24, 0x01	; 1
     fc0:	f1 f7       	brne	.-4      	; 0xfbe <LCD_voidLCDInit+0x488>
     fc2:	9c 83       	std	Y+4, r25	; 0x04
     fc4:	8b 83       	std	Y+3, r24	; 0x03
		while(__ticks)
		{
			// wait 1/10 ms
			_delay_loop_2(((F_CPU) / 4e3) / 10);
			__ticks --;
     fc6:	8d 81       	ldd	r24, Y+5	; 0x05
     fc8:	9e 81       	ldd	r25, Y+6	; 0x06
     fca:	01 97       	sbiw	r24, 0x01	; 1
     fcc:	9e 83       	std	Y+6, r25	; 0x06
     fce:	8d 83       	std	Y+5, r24	; 0x05
		__ticks = 1;
	else if (__tmp > 65535)
	{
		//	__ticks = requested delay in 1/10 ms
		__ticks = (uint16_t) (__ms * 10.0);
		while(__ticks)
     fd0:	8d 81       	ldd	r24, Y+5	; 0x05
     fd2:	9e 81       	ldd	r25, Y+6	; 0x06
     fd4:	00 97       	sbiw	r24, 0x00	; 0
     fd6:	69 f7       	brne	.-38     	; 0xfb2 <LCD_voidLCDInit+0x47c>
     fd8:	14 c0       	rjmp	.+40     	; 0x1002 <LCD_voidLCDInit+0x4cc>
			__ticks --;
		}
		return;
	}
	else
		__ticks = (uint16_t)__tmp;
     fda:	6f 81       	ldd	r22, Y+7	; 0x07
     fdc:	78 85       	ldd	r23, Y+8	; 0x08
     fde:	89 85       	ldd	r24, Y+9	; 0x09
     fe0:	9a 85       	ldd	r25, Y+10	; 0x0a
     fe2:	0e 94 41 00 	call	0x82	; 0x82 <__fixunssfsi>
     fe6:	dc 01       	movw	r26, r24
     fe8:	cb 01       	movw	r24, r22
     fea:	9e 83       	std	Y+6, r25	; 0x06
     fec:	8d 83       	std	Y+5, r24	; 0x05
     fee:	8d 81       	ldd	r24, Y+5	; 0x05
     ff0:	9e 81       	ldd	r25, Y+6	; 0x06
     ff2:	9a 83       	std	Y+2, r25	; 0x02
     ff4:	89 83       	std	Y+1, r24	; 0x01
     ff6:	89 81       	ldd	r24, Y+1	; 0x01
     ff8:	9a 81       	ldd	r25, Y+2	; 0x02
     ffa:	01 97       	sbiw	r24, 0x01	; 1
     ffc:	f1 f7       	brne	.-4      	; 0xffa <LCD_voidLCDInit+0x4c4>
     ffe:	9a 83       	std	Y+2, r25	; 0x02
    1000:	89 83       	std	Y+1, r24	; 0x01
    _delay_ms(1);
}
    1002:	ca 5b       	subi	r28, 0xBA	; 186
    1004:	df 4f       	sbci	r29, 0xFF	; 255
    1006:	0f b6       	in	r0, 0x3f	; 63
    1008:	f8 94       	cli
    100a:	de bf       	out	0x3e, r29	; 62
    100c:	0f be       	out	0x3f, r0	; 63
    100e:	cd bf       	out	0x3d, r28	; 61
    1010:	cf 91       	pop	r28
    1012:	df 91       	pop	r29
    1014:	1f 91       	pop	r17
    1016:	0f 91       	pop	r16
    1018:	08 95       	ret

0000101a <LCD_voidSendCommand>:

void LCD_voidSendCommand(u8 u8CMD)
{
    101a:	df 93       	push	r29
    101c:	cf 93       	push	r28
    101e:	cd b7       	in	r28, 0x3d	; 61
    1020:	de b7       	in	r29, 0x3e	; 62
    1022:	2f 97       	sbiw	r28, 0x0f	; 15
    1024:	0f b6       	in	r0, 0x3f	; 63
    1026:	f8 94       	cli
    1028:	de bf       	out	0x3e, r29	; 62
    102a:	0f be       	out	0x3f, r0	; 63
    102c:	cd bf       	out	0x3d, r28	; 61
    102e:	8f 87       	std	Y+15, r24	; 0x0f
    DIO_voidSetPinValue(LCD_CTRL_PORT,LCD_RS_PIN,LOW);
    1030:	81 e0       	ldi	r24, 0x01	; 1
    1032:	60 e0       	ldi	r22, 0x00	; 0
    1034:	40 e0       	ldi	r20, 0x00	; 0
    1036:	0e 94 f3 0c 	call	0x19e6	; 0x19e6 <DIO_voidSetPinValue>
    DIO_voidSetPinValue(LCD_CTRL_PORT,LCD_RW_PIN,LOW);
    103a:	81 e0       	ldi	r24, 0x01	; 1
    103c:	61 e0       	ldi	r22, 0x01	; 1
    103e:	40 e0       	ldi	r20, 0x00	; 0
    1040:	0e 94 f3 0c 	call	0x19e6	; 0x19e6 <DIO_voidSetPinValue>

    LCD_voidPutonBus(u8CMD);
    1044:	8f 85       	ldd	r24, Y+15	; 0x0f
    1046:	0e 94 47 09 	call	0x128e	; 0x128e <LCD_voidPutonBus>

    DIO_voidSetPinValue(LCD_CTRL_PORT,LCD_EN_PIN,HIGH);
    104a:	81 e0       	ldi	r24, 0x01	; 1
    104c:	62 e0       	ldi	r22, 0x02	; 2
    104e:	41 e0       	ldi	r20, 0x01	; 1
    1050:	0e 94 f3 0c 	call	0x19e6	; 0x19e6 <DIO_voidSetPinValue>
    1054:	80 e0       	ldi	r24, 0x00	; 0
    1056:	90 e0       	ldi	r25, 0x00	; 0
    1058:	a0 e0       	ldi	r26, 0x00	; 0
    105a:	b0 e4       	ldi	r27, 0x40	; 64
    105c:	8b 87       	std	Y+11, r24	; 0x0b
    105e:	9c 87       	std	Y+12, r25	; 0x0c
    1060:	ad 87       	std	Y+13, r26	; 0x0d
    1062:	be 87       	std	Y+14, r27	; 0x0e
 */
void
_delay_ms(double __ms)
{
	uint16_t __ticks;
	double __tmp = ((F_CPU) / 4e3) * __ms;
    1064:	6b 85       	ldd	r22, Y+11	; 0x0b
    1066:	7c 85       	ldd	r23, Y+12	; 0x0c
    1068:	8d 85       	ldd	r24, Y+13	; 0x0d
    106a:	9e 85       	ldd	r25, Y+14	; 0x0e
    106c:	20 e0       	ldi	r18, 0x00	; 0
    106e:	30 e0       	ldi	r19, 0x00	; 0
    1070:	4a ef       	ldi	r20, 0xFA	; 250
    1072:	54 e4       	ldi	r21, 0x44	; 68
    1074:	0e 94 17 02 	call	0x42e	; 0x42e <__mulsf3>
    1078:	dc 01       	movw	r26, r24
    107a:	cb 01       	movw	r24, r22
    107c:	8f 83       	std	Y+7, r24	; 0x07
    107e:	98 87       	std	Y+8, r25	; 0x08
    1080:	a9 87       	std	Y+9, r26	; 0x09
    1082:	ba 87       	std	Y+10, r27	; 0x0a
	if (__tmp < 1.0)
    1084:	6f 81       	ldd	r22, Y+7	; 0x07
    1086:	78 85       	ldd	r23, Y+8	; 0x08
    1088:	89 85       	ldd	r24, Y+9	; 0x09
    108a:	9a 85       	ldd	r25, Y+10	; 0x0a
    108c:	20 e0       	ldi	r18, 0x00	; 0
    108e:	30 e0       	ldi	r19, 0x00	; 0
    1090:	40 e8       	ldi	r20, 0x80	; 128
    1092:	5f e3       	ldi	r21, 0x3F	; 63
    1094:	0e 94 71 03 	call	0x6e2	; 0x6e2 <__ltsf2>
    1098:	88 23       	and	r24, r24
    109a:	2c f4       	brge	.+10     	; 0x10a6 <LCD_voidSendCommand+0x8c>
		__ticks = 1;
    109c:	81 e0       	ldi	r24, 0x01	; 1
    109e:	90 e0       	ldi	r25, 0x00	; 0
    10a0:	9e 83       	std	Y+6, r25	; 0x06
    10a2:	8d 83       	std	Y+5, r24	; 0x05
    10a4:	3f c0       	rjmp	.+126    	; 0x1124 <LCD_voidSendCommand+0x10a>
	else if (__tmp > 65535)
    10a6:	6f 81       	ldd	r22, Y+7	; 0x07
    10a8:	78 85       	ldd	r23, Y+8	; 0x08
    10aa:	89 85       	ldd	r24, Y+9	; 0x09
    10ac:	9a 85       	ldd	r25, Y+10	; 0x0a
    10ae:	20 e0       	ldi	r18, 0x00	; 0
    10b0:	3f ef       	ldi	r19, 0xFF	; 255
    10b2:	4f e7       	ldi	r20, 0x7F	; 127
    10b4:	57 e4       	ldi	r21, 0x47	; 71
    10b6:	0e 94 11 03 	call	0x622	; 0x622 <__gtsf2>
    10ba:	18 16       	cp	r1, r24
    10bc:	4c f5       	brge	.+82     	; 0x1110 <LCD_voidSendCommand+0xf6>
	{
		//	__ticks = requested delay in 1/10 ms
		__ticks = (uint16_t) (__ms * 10.0);
    10be:	6b 85       	ldd	r22, Y+11	; 0x0b
    10c0:	7c 85       	ldd	r23, Y+12	; 0x0c
    10c2:	8d 85       	ldd	r24, Y+13	; 0x0d
    10c4:	9e 85       	ldd	r25, Y+14	; 0x0e
    10c6:	20 e0       	ldi	r18, 0x00	; 0
    10c8:	30 e0       	ldi	r19, 0x00	; 0
    10ca:	40 e2       	ldi	r20, 0x20	; 32
    10cc:	51 e4       	ldi	r21, 0x41	; 65
    10ce:	0e 94 17 02 	call	0x42e	; 0x42e <__mulsf3>
    10d2:	dc 01       	movw	r26, r24
    10d4:	cb 01       	movw	r24, r22
    10d6:	bc 01       	movw	r22, r24
    10d8:	cd 01       	movw	r24, r26
    10da:	0e 94 41 00 	call	0x82	; 0x82 <__fixunssfsi>
    10de:	dc 01       	movw	r26, r24
    10e0:	cb 01       	movw	r24, r22
    10e2:	9e 83       	std	Y+6, r25	; 0x06
    10e4:	8d 83       	std	Y+5, r24	; 0x05
    10e6:	0f c0       	rjmp	.+30     	; 0x1106 <LCD_voidSendCommand+0xec>
    10e8:	88 ec       	ldi	r24, 0xC8	; 200
    10ea:	90 e0       	ldi	r25, 0x00	; 0
    10ec:	9c 83       	std	Y+4, r25	; 0x04
    10ee:	8b 83       	std	Y+3, r24	; 0x03
    10f0:	8b 81       	ldd	r24, Y+3	; 0x03
    10f2:	9c 81       	ldd	r25, Y+4	; 0x04
    10f4:	01 97       	sbiw	r24, 0x01	; 1
    10f6:	f1 f7       	brne	.-4      	; 0x10f4 <LCD_voidSendCommand+0xda>
    10f8:	9c 83       	std	Y+4, r25	; 0x04
    10fa:	8b 83       	std	Y+3, r24	; 0x03
		while(__ticks)
		{
			// wait 1/10 ms
			_delay_loop_2(((F_CPU) / 4e3) / 10);
			__ticks --;
    10fc:	8d 81       	ldd	r24, Y+5	; 0x05
    10fe:	9e 81       	ldd	r25, Y+6	; 0x06
    1100:	01 97       	sbiw	r24, 0x01	; 1
    1102:	9e 83       	std	Y+6, r25	; 0x06
    1104:	8d 83       	std	Y+5, r24	; 0x05
		__ticks = 1;
	else if (__tmp > 65535)
	{
		//	__ticks = requested delay in 1/10 ms
		__ticks = (uint16_t) (__ms * 10.0);
		while(__ticks)
    1106:	8d 81       	ldd	r24, Y+5	; 0x05
    1108:	9e 81       	ldd	r25, Y+6	; 0x06
    110a:	00 97       	sbiw	r24, 0x00	; 0
    110c:	69 f7       	brne	.-38     	; 0x10e8 <LCD_voidSendCommand+0xce>
    110e:	14 c0       	rjmp	.+40     	; 0x1138 <LCD_voidSendCommand+0x11e>
			__ticks --;
		}
		return;
	}
	else
		__ticks = (uint16_t)__tmp;
    1110:	6f 81       	ldd	r22, Y+7	; 0x07
    1112:	78 85       	ldd	r23, Y+8	; 0x08
    1114:	89 85       	ldd	r24, Y+9	; 0x09
    1116:	9a 85       	ldd	r25, Y+10	; 0x0a
    1118:	0e 94 41 00 	call	0x82	; 0x82 <__fixunssfsi>
    111c:	dc 01       	movw	r26, r24
    111e:	cb 01       	movw	r24, r22
    1120:	9e 83       	std	Y+6, r25	; 0x06
    1122:	8d 83       	std	Y+5, r24	; 0x05
    1124:	8d 81       	ldd	r24, Y+5	; 0x05
    1126:	9e 81       	ldd	r25, Y+6	; 0x06
    1128:	9a 83       	std	Y+2, r25	; 0x02
    112a:	89 83       	std	Y+1, r24	; 0x01
    112c:	89 81       	ldd	r24, Y+1	; 0x01
    112e:	9a 81       	ldd	r25, Y+2	; 0x02
    1130:	01 97       	sbiw	r24, 0x01	; 1
    1132:	f1 f7       	brne	.-4      	; 0x1130 <LCD_voidSendCommand+0x116>
    1134:	9a 83       	std	Y+2, r25	; 0x02
    1136:	89 83       	std	Y+1, r24	; 0x01
    _delay_ms(2);
    DIO_voidSetPinValue(LCD_CTRL_PORT,LCD_EN_PIN,LOW);
    1138:	81 e0       	ldi	r24, 0x01	; 1
    113a:	62 e0       	ldi	r22, 0x02	; 2
    113c:	40 e0       	ldi	r20, 0x00	; 0
    113e:	0e 94 f3 0c 	call	0x19e6	; 0x19e6 <DIO_voidSetPinValue>
}
    1142:	2f 96       	adiw	r28, 0x0f	; 15
    1144:	0f b6       	in	r0, 0x3f	; 63
    1146:	f8 94       	cli
    1148:	de bf       	out	0x3e, r29	; 62
    114a:	0f be       	out	0x3f, r0	; 63
    114c:	cd bf       	out	0x3d, r28	; 61
    114e:	cf 91       	pop	r28
    1150:	df 91       	pop	r29
    1152:	08 95       	ret

00001154 <LCD_voidSendData>:

void LCD_voidSendData(u8 u8Data)
{
    1154:	df 93       	push	r29
    1156:	cf 93       	push	r28
    1158:	cd b7       	in	r28, 0x3d	; 61
    115a:	de b7       	in	r29, 0x3e	; 62
    115c:	2f 97       	sbiw	r28, 0x0f	; 15
    115e:	0f b6       	in	r0, 0x3f	; 63
    1160:	f8 94       	cli
    1162:	de bf       	out	0x3e, r29	; 62
    1164:	0f be       	out	0x3f, r0	; 63
    1166:	cd bf       	out	0x3d, r28	; 61
    1168:	8f 87       	std	Y+15, r24	; 0x0f
    DIO_voidSetPinValue(LCD_CTRL_PORT,LCD_RS_PIN,HIGH);
    116a:	81 e0       	ldi	r24, 0x01	; 1
    116c:	60 e0       	ldi	r22, 0x00	; 0
    116e:	41 e0       	ldi	r20, 0x01	; 1
    1170:	0e 94 f3 0c 	call	0x19e6	; 0x19e6 <DIO_voidSetPinValue>
    DIO_voidSetPinValue(LCD_CTRL_PORT,LCD_RW_PIN,LOW);
    1174:	81 e0       	ldi	r24, 0x01	; 1
    1176:	61 e0       	ldi	r22, 0x01	; 1
    1178:	40 e0       	ldi	r20, 0x00	; 0
    117a:	0e 94 f3 0c 	call	0x19e6	; 0x19e6 <DIO_voidSetPinValue>

    LCD_voidPutonBus(u8Data);
    117e:	8f 85       	ldd	r24, Y+15	; 0x0f
    1180:	0e 94 47 09 	call	0x128e	; 0x128e <LCD_voidPutonBus>

    DIO_voidSetPinValue(LCD_CTRL_PORT,LCD_EN_PIN,HIGH);
    1184:	81 e0       	ldi	r24, 0x01	; 1
    1186:	62 e0       	ldi	r22, 0x02	; 2
    1188:	41 e0       	ldi	r20, 0x01	; 1
    118a:	0e 94 f3 0c 	call	0x19e6	; 0x19e6 <DIO_voidSetPinValue>
    118e:	80 e0       	ldi	r24, 0x00	; 0
    1190:	90 e0       	ldi	r25, 0x00	; 0
    1192:	a0 e0       	ldi	r26, 0x00	; 0
    1194:	b0 e4       	ldi	r27, 0x40	; 64
    1196:	8b 87       	std	Y+11, r24	; 0x0b
    1198:	9c 87       	std	Y+12, r25	; 0x0c
    119a:	ad 87       	std	Y+13, r26	; 0x0d
    119c:	be 87       	std	Y+14, r27	; 0x0e
 */
void
_delay_ms(double __ms)
{
	uint16_t __ticks;
	double __tmp = ((F_CPU) / 4e3) * __ms;
    119e:	6b 85       	ldd	r22, Y+11	; 0x0b
    11a0:	7c 85       	ldd	r23, Y+12	; 0x0c
    11a2:	8d 85       	ldd	r24, Y+13	; 0x0d
    11a4:	9e 85       	ldd	r25, Y+14	; 0x0e
    11a6:	20 e0       	ldi	r18, 0x00	; 0
    11a8:	30 e0       	ldi	r19, 0x00	; 0
    11aa:	4a ef       	ldi	r20, 0xFA	; 250
    11ac:	54 e4       	ldi	r21, 0x44	; 68
    11ae:	0e 94 17 02 	call	0x42e	; 0x42e <__mulsf3>
    11b2:	dc 01       	movw	r26, r24
    11b4:	cb 01       	movw	r24, r22
    11b6:	8f 83       	std	Y+7, r24	; 0x07
    11b8:	98 87       	std	Y+8, r25	; 0x08
    11ba:	a9 87       	std	Y+9, r26	; 0x09
    11bc:	ba 87       	std	Y+10, r27	; 0x0a
	if (__tmp < 1.0)
    11be:	6f 81       	ldd	r22, Y+7	; 0x07
    11c0:	78 85       	ldd	r23, Y+8	; 0x08
    11c2:	89 85       	ldd	r24, Y+9	; 0x09
    11c4:	9a 85       	ldd	r25, Y+10	; 0x0a
    11c6:	20 e0       	ldi	r18, 0x00	; 0
    11c8:	30 e0       	ldi	r19, 0x00	; 0
    11ca:	40 e8       	ldi	r20, 0x80	; 128
    11cc:	5f e3       	ldi	r21, 0x3F	; 63
    11ce:	0e 94 71 03 	call	0x6e2	; 0x6e2 <__ltsf2>
    11d2:	88 23       	and	r24, r24
    11d4:	2c f4       	brge	.+10     	; 0x11e0 <LCD_voidSendData+0x8c>
		__ticks = 1;
    11d6:	81 e0       	ldi	r24, 0x01	; 1
    11d8:	90 e0       	ldi	r25, 0x00	; 0
    11da:	9e 83       	std	Y+6, r25	; 0x06
    11dc:	8d 83       	std	Y+5, r24	; 0x05
    11de:	3f c0       	rjmp	.+126    	; 0x125e <LCD_voidSendData+0x10a>
	else if (__tmp > 65535)
    11e0:	6f 81       	ldd	r22, Y+7	; 0x07
    11e2:	78 85       	ldd	r23, Y+8	; 0x08
    11e4:	89 85       	ldd	r24, Y+9	; 0x09
    11e6:	9a 85       	ldd	r25, Y+10	; 0x0a
    11e8:	20 e0       	ldi	r18, 0x00	; 0
    11ea:	3f ef       	ldi	r19, 0xFF	; 255
    11ec:	4f e7       	ldi	r20, 0x7F	; 127
    11ee:	57 e4       	ldi	r21, 0x47	; 71
    11f0:	0e 94 11 03 	call	0x622	; 0x622 <__gtsf2>
    11f4:	18 16       	cp	r1, r24
    11f6:	4c f5       	brge	.+82     	; 0x124a <LCD_voidSendData+0xf6>
	{
		//	__ticks = requested delay in 1/10 ms
		__ticks = (uint16_t) (__ms * 10.0);
    11f8:	6b 85       	ldd	r22, Y+11	; 0x0b
    11fa:	7c 85       	ldd	r23, Y+12	; 0x0c
    11fc:	8d 85       	ldd	r24, Y+13	; 0x0d
    11fe:	9e 85       	ldd	r25, Y+14	; 0x0e
    1200:	20 e0       	ldi	r18, 0x00	; 0
    1202:	30 e0       	ldi	r19, 0x00	; 0
    1204:	40 e2       	ldi	r20, 0x20	; 32
    1206:	51 e4       	ldi	r21, 0x41	; 65
    1208:	0e 94 17 02 	call	0x42e	; 0x42e <__mulsf3>
    120c:	dc 01       	movw	r26, r24
    120e:	cb 01       	movw	r24, r22
    1210:	bc 01       	movw	r22, r24
    1212:	cd 01       	movw	r24, r26
    1214:	0e 94 41 00 	call	0x82	; 0x82 <__fixunssfsi>
    1218:	dc 01       	movw	r26, r24
    121a:	cb 01       	movw	r24, r22
    121c:	9e 83       	std	Y+6, r25	; 0x06
    121e:	8d 83       	std	Y+5, r24	; 0x05
    1220:	0f c0       	rjmp	.+30     	; 0x1240 <LCD_voidSendData+0xec>
    1222:	88 ec       	ldi	r24, 0xC8	; 200
    1224:	90 e0       	ldi	r25, 0x00	; 0
    1226:	9c 83       	std	Y+4, r25	; 0x04
    1228:	8b 83       	std	Y+3, r24	; 0x03
    122a:	8b 81       	ldd	r24, Y+3	; 0x03
    122c:	9c 81       	ldd	r25, Y+4	; 0x04
    122e:	01 97       	sbiw	r24, 0x01	; 1
    1230:	f1 f7       	brne	.-4      	; 0x122e <LCD_voidSendData+0xda>
    1232:	9c 83       	std	Y+4, r25	; 0x04
    1234:	8b 83       	std	Y+3, r24	; 0x03
		while(__ticks)
		{
			// wait 1/10 ms
			_delay_loop_2(((F_CPU) / 4e3) / 10);
			__ticks --;
    1236:	8d 81       	ldd	r24, Y+5	; 0x05
    1238:	9e 81       	ldd	r25, Y+6	; 0x06
    123a:	01 97       	sbiw	r24, 0x01	; 1
    123c:	9e 83       	std	Y+6, r25	; 0x06
    123e:	8d 83       	std	Y+5, r24	; 0x05
		__ticks = 1;
	else if (__tmp > 65535)
	{
		//	__ticks = requested delay in 1/10 ms
		__ticks = (uint16_t) (__ms * 10.0);
		while(__ticks)
    1240:	8d 81       	ldd	r24, Y+5	; 0x05
    1242:	9e 81       	ldd	r25, Y+6	; 0x06
    1244:	00 97       	sbiw	r24, 0x00	; 0
    1246:	69 f7       	brne	.-38     	; 0x1222 <LCD_voidSendData+0xce>
    1248:	14 c0       	rjmp	.+40     	; 0x1272 <LCD_voidSendData+0x11e>
			__ticks --;
		}
		return;
	}
	else
		__ticks = (uint16_t)__tmp;
    124a:	6f 81       	ldd	r22, Y+7	; 0x07
    124c:	78 85       	ldd	r23, Y+8	; 0x08
    124e:	89 85       	ldd	r24, Y+9	; 0x09
    1250:	9a 85       	ldd	r25, Y+10	; 0x0a
    1252:	0e 94 41 00 	call	0x82	; 0x82 <__fixunssfsi>
    1256:	dc 01       	movw	r26, r24
    1258:	cb 01       	movw	r24, r22
    125a:	9e 83       	std	Y+6, r25	; 0x06
    125c:	8d 83       	std	Y+5, r24	; 0x05
    125e:	8d 81       	ldd	r24, Y+5	; 0x05
    1260:	9e 81       	ldd	r25, Y+6	; 0x06
    1262:	9a 83       	std	Y+2, r25	; 0x02
    1264:	89 83       	std	Y+1, r24	; 0x01
    1266:	89 81       	ldd	r24, Y+1	; 0x01
    1268:	9a 81       	ldd	r25, Y+2	; 0x02
    126a:	01 97       	sbiw	r24, 0x01	; 1
    126c:	f1 f7       	brne	.-4      	; 0x126a <LCD_voidSendData+0x116>
    126e:	9a 83       	std	Y+2, r25	; 0x02
    1270:	89 83       	std	Y+1, r24	; 0x01
    _delay_ms(2);
    DIO_voidSetPinValue(LCD_CTRL_PORT,LCD_EN_PIN,LOW);
    1272:	81 e0       	ldi	r24, 0x01	; 1
    1274:	62 e0       	ldi	r22, 0x02	; 2
    1276:	40 e0       	ldi	r20, 0x00	; 0
    1278:	0e 94 f3 0c 	call	0x19e6	; 0x19e6 <DIO_voidSetPinValue>
}
    127c:	2f 96       	adiw	r28, 0x0f	; 15
    127e:	0f b6       	in	r0, 0x3f	; 63
    1280:	f8 94       	cli
    1282:	de bf       	out	0x3e, r29	; 62
    1284:	0f be       	out	0x3f, r0	; 63
    1286:	cd bf       	out	0x3d, r28	; 61
    1288:	cf 91       	pop	r28
    128a:	df 91       	pop	r29
    128c:	08 95       	ret

0000128e <LCD_voidPutonBus>:

static void LCD_voidPutonBus(u8 u8Char)
{
    128e:	df 93       	push	r29
    1290:	cf 93       	push	r28
    1292:	0f 92       	push	r0
    1294:	cd b7       	in	r28, 0x3d	; 61
    1296:	de b7       	in	r29, 0x3e	; 62
    1298:	89 83       	std	Y+1, r24	; 0x01
    DIO_voidSetPortValue(LCD_DATA_PORT,u8Char);
    129a:	80 e0       	ldi	r24, 0x00	; 0
    129c:	69 81       	ldd	r22, Y+1	; 0x01
    129e:	0e 94 46 0f 	call	0x1e8c	; 0x1e8c <DIO_voidSetPortValue>
}
    12a2:	0f 90       	pop	r0
    12a4:	cf 91       	pop	r28
    12a6:	df 91       	pop	r29
    12a8:	08 95       	ret

000012aa <LCD_GotoXY>:

void LCD_GotoXY(u8 x,u8 y)
{
    12aa:	df 93       	push	r29
    12ac:	cf 93       	push	r28
    12ae:	00 d0       	rcall	.+0      	; 0x12b0 <LCD_GotoXY+0x6>
    12b0:	cd b7       	in	r28, 0x3d	; 61
    12b2:	de b7       	in	r29, 0x3e	; 62
    12b4:	89 83       	std	Y+1, r24	; 0x01
    12b6:	6a 83       	std	Y+2, r22	; 0x02
    if(x==0)
    12b8:	89 81       	ldd	r24, Y+1	; 0x01
    12ba:	88 23       	and	r24, r24
    12bc:	29 f4       	brne	.+10     	; 0x12c8 <LCD_GotoXY+0x1e>
        LCD_voidSendCommand(0x80+y);
    12be:	8a 81       	ldd	r24, Y+2	; 0x02
    12c0:	80 58       	subi	r24, 0x80	; 128
    12c2:	0e 94 0d 08 	call	0x101a	; 0x101a <LCD_voidSendCommand>
    12c6:	07 c0       	rjmp	.+14     	; 0x12d6 <LCD_GotoXY+0x2c>

    else if(x==1)
    12c8:	89 81       	ldd	r24, Y+1	; 0x01
    12ca:	81 30       	cpi	r24, 0x01	; 1
    12cc:	21 f4       	brne	.+8      	; 0x12d6 <LCD_GotoXY+0x2c>
        LCD_voidSendCommand(0xC0+y);
    12ce:	8a 81       	ldd	r24, Y+2	; 0x02
    12d0:	80 54       	subi	r24, 0x40	; 64
    12d2:	0e 94 0d 08 	call	0x101a	; 0x101a <LCD_voidSendCommand>
}
    12d6:	0f 90       	pop	r0
    12d8:	0f 90       	pop	r0
    12da:	cf 91       	pop	r28
    12dc:	df 91       	pop	r29
    12de:	08 95       	ret

000012e0 <LCD_voidWriteString>:

void LCD_voidWriteString(u8 *u8String)
{
    12e0:	df 93       	push	r29
    12e2:	cf 93       	push	r28
    12e4:	00 d0       	rcall	.+0      	; 0x12e6 <LCD_voidWriteString+0x6>
    12e6:	cd b7       	in	r28, 0x3d	; 61
    12e8:	de b7       	in	r29, 0x3e	; 62
    12ea:	9a 83       	std	Y+2, r25	; 0x02
    12ec:	89 83       	std	Y+1, r24	; 0x01
    12ee:	0a c0       	rjmp	.+20     	; 0x1304 <LCD_voidWriteString+0x24>
    while(*u8String!='\0')
    {
        LCD_voidSendData(*u8String);
    12f0:	e9 81       	ldd	r30, Y+1	; 0x01
    12f2:	fa 81       	ldd	r31, Y+2	; 0x02
    12f4:	80 81       	ld	r24, Z
    12f6:	0e 94 aa 08 	call	0x1154	; 0x1154 <LCD_voidSendData>
        u8String++;
    12fa:	89 81       	ldd	r24, Y+1	; 0x01
    12fc:	9a 81       	ldd	r25, Y+2	; 0x02
    12fe:	01 96       	adiw	r24, 0x01	; 1
    1300:	9a 83       	std	Y+2, r25	; 0x02
    1302:	89 83       	std	Y+1, r24	; 0x01
        LCD_voidSendCommand(0xC0+y);
}

void LCD_voidWriteString(u8 *u8String)
{
    while(*u8String!='\0')
    1304:	e9 81       	ldd	r30, Y+1	; 0x01
    1306:	fa 81       	ldd	r31, Y+2	; 0x02
    1308:	80 81       	ld	r24, Z
    130a:	88 23       	and	r24, r24
    130c:	89 f7       	brne	.-30     	; 0x12f0 <LCD_voidWriteString+0x10>
    {
        LCD_voidSendData(*u8String);
        u8String++;
    }
}
    130e:	0f 90       	pop	r0
    1310:	0f 90       	pop	r0
    1312:	cf 91       	pop	r28
    1314:	df 91       	pop	r29
    1316:	08 95       	ret

00001318 <LCD_voidWriteNumber>:

void LCD_voidWriteNumber(u8 u8Number)
{
    1318:	df 93       	push	r29
    131a:	cf 93       	push	r28
    131c:	0f 92       	push	r0
    131e:	cd b7       	in	r28, 0x3d	; 61
    1320:	de b7       	in	r29, 0x3e	; 62
    1322:	89 83       	std	Y+1, r24	; 0x01
    if(u8Number>=100)
    1324:	89 81       	ldd	r24, Y+1	; 0x01
    1326:	84 36       	cpi	r24, 0x64	; 100
    1328:	f8 f0       	brcs	.+62     	; 0x1368 <LCD_voidWriteNumber+0x50>
    {
        LCD_voidSendData((u8Number/100)+'0');
    132a:	89 81       	ldd	r24, Y+1	; 0x01
    132c:	94 e6       	ldi	r25, 0x64	; 100
    132e:	69 2f       	mov	r22, r25
    1330:	0e 94 96 0f 	call	0x1f2c	; 0x1f2c <__udivmodqi4>
    1334:	80 5d       	subi	r24, 0xD0	; 208
    1336:	0e 94 aa 08 	call	0x1154	; 0x1154 <LCD_voidSendData>
        LCD_voidSendData(((u8Number%100)/10)+'0');
    133a:	89 81       	ldd	r24, Y+1	; 0x01
    133c:	94 e6       	ldi	r25, 0x64	; 100
    133e:	69 2f       	mov	r22, r25
    1340:	0e 94 96 0f 	call	0x1f2c	; 0x1f2c <__udivmodqi4>
    1344:	89 2f       	mov	r24, r25
    1346:	9a e0       	ldi	r25, 0x0A	; 10
    1348:	69 2f       	mov	r22, r25
    134a:	0e 94 96 0f 	call	0x1f2c	; 0x1f2c <__udivmodqi4>
    134e:	80 5d       	subi	r24, 0xD0	; 208
    1350:	0e 94 aa 08 	call	0x1154	; 0x1154 <LCD_voidSendData>
        LCD_voidSendData((u8Number%10)+'0');
    1354:	89 81       	ldd	r24, Y+1	; 0x01
    1356:	9a e0       	ldi	r25, 0x0A	; 10
    1358:	69 2f       	mov	r22, r25
    135a:	0e 94 96 0f 	call	0x1f2c	; 0x1f2c <__udivmodqi4>
    135e:	89 2f       	mov	r24, r25
    1360:	80 5d       	subi	r24, 0xD0	; 208
    1362:	0e 94 aa 08 	call	0x1154	; 0x1154 <LCD_voidSendData>
    1366:	19 c0       	rjmp	.+50     	; 0x139a <LCD_voidWriteNumber+0x82>
    }
    else if(u8Number>=10)
    1368:	89 81       	ldd	r24, Y+1	; 0x01
    136a:	8a 30       	cpi	r24, 0x0A	; 10
    136c:	90 f0       	brcs	.+36     	; 0x1392 <LCD_voidWriteNumber+0x7a>
    {
        LCD_voidSendData((u8Number/10)+'0');
    136e:	89 81       	ldd	r24, Y+1	; 0x01
    1370:	9a e0       	ldi	r25, 0x0A	; 10
    1372:	69 2f       	mov	r22, r25
    1374:	0e 94 96 0f 	call	0x1f2c	; 0x1f2c <__udivmodqi4>
    1378:	80 5d       	subi	r24, 0xD0	; 208
    137a:	0e 94 aa 08 	call	0x1154	; 0x1154 <LCD_voidSendData>
        LCD_voidSendData((u8Number%10)+'0');
    137e:	89 81       	ldd	r24, Y+1	; 0x01
    1380:	9a e0       	ldi	r25, 0x0A	; 10
    1382:	69 2f       	mov	r22, r25
    1384:	0e 94 96 0f 	call	0x1f2c	; 0x1f2c <__udivmodqi4>
    1388:	89 2f       	mov	r24, r25
    138a:	80 5d       	subi	r24, 0xD0	; 208
    138c:	0e 94 aa 08 	call	0x1154	; 0x1154 <LCD_voidSendData>
    1390:	04 c0       	rjmp	.+8      	; 0x139a <LCD_voidWriteNumber+0x82>
    }
    else
    {
        LCD_voidSendData(u8Number+'0');
    1392:	89 81       	ldd	r24, Y+1	; 0x01
    1394:	80 5d       	subi	r24, 0xD0	; 208
    1396:	0e 94 aa 08 	call	0x1154	; 0x1154 <LCD_voidSendData>
    }
}
    139a:	0f 90       	pop	r0
    139c:	cf 91       	pop	r28
    139e:	df 91       	pop	r29
    13a0:	08 95       	ret

000013a2 <KEYPAD_voidInit>:
#include "KEYPAD_config.h"
#include "KEYPAD_private.h"
#include "KEYPAD_int.h"

void KEYPAD_voidInit(void)
{
    13a2:	df 93       	push	r29
    13a4:	cf 93       	push	r28
    13a6:	cd b7       	in	r28, 0x3d	; 61
    13a8:	de b7       	in	r29, 0x3e	; 62
	DIO_voidSetPinValue(KEYPAD_ROW0,HIGH);
    13aa:	80 e0       	ldi	r24, 0x00	; 0
    13ac:	64 e0       	ldi	r22, 0x04	; 4
    13ae:	41 e0       	ldi	r20, 0x01	; 1
    13b0:	0e 94 f3 0c 	call	0x19e6	; 0x19e6 <DIO_voidSetPinValue>
	DIO_voidSetPinValue(KEYPAD_ROW1,HIGH);
    13b4:	80 e0       	ldi	r24, 0x00	; 0
    13b6:	65 e0       	ldi	r22, 0x05	; 5
    13b8:	41 e0       	ldi	r20, 0x01	; 1
    13ba:	0e 94 f3 0c 	call	0x19e6	; 0x19e6 <DIO_voidSetPinValue>
	DIO_voidSetPinValue(KEYPAD_ROW2,HIGH);
    13be:	80 e0       	ldi	r24, 0x00	; 0
    13c0:	66 e0       	ldi	r22, 0x06	; 6
    13c2:	41 e0       	ldi	r20, 0x01	; 1
    13c4:	0e 94 f3 0c 	call	0x19e6	; 0x19e6 <DIO_voidSetPinValue>
	DIO_voidSetPinValue(KEYPAD_ROW3,HIGH);
    13c8:	80 e0       	ldi	r24, 0x00	; 0
    13ca:	67 e0       	ldi	r22, 0x07	; 7
    13cc:	41 e0       	ldi	r20, 0x01	; 1
    13ce:	0e 94 f3 0c 	call	0x19e6	; 0x19e6 <DIO_voidSetPinValue>

	DIO_voidSetPinValue(KEYPAD_COL0,HIGH);
    13d2:	80 e0       	ldi	r24, 0x00	; 0
    13d4:	60 e0       	ldi	r22, 0x00	; 0
    13d6:	41 e0       	ldi	r20, 0x01	; 1
    13d8:	0e 94 f3 0c 	call	0x19e6	; 0x19e6 <DIO_voidSetPinValue>
	DIO_voidSetPinValue(KEYPAD_COL1,HIGH);
    13dc:	80 e0       	ldi	r24, 0x00	; 0
    13de:	61 e0       	ldi	r22, 0x01	; 1
    13e0:	41 e0       	ldi	r20, 0x01	; 1
    13e2:	0e 94 f3 0c 	call	0x19e6	; 0x19e6 <DIO_voidSetPinValue>
	DIO_voidSetPinValue(KEYPAD_COL2,HIGH);
    13e6:	80 e0       	ldi	r24, 0x00	; 0
    13e8:	62 e0       	ldi	r22, 0x02	; 2
    13ea:	41 e0       	ldi	r20, 0x01	; 1
    13ec:	0e 94 f3 0c 	call	0x19e6	; 0x19e6 <DIO_voidSetPinValue>
	DIO_voidSetPinValue(KEYPAD_COL3,HIGH);
    13f0:	80 e0       	ldi	r24, 0x00	; 0
    13f2:	63 e0       	ldi	r22, 0x03	; 3
    13f4:	41 e0       	ldi	r20, 0x01	; 1
    13f6:	0e 94 f3 0c 	call	0x19e6	; 0x19e6 <DIO_voidSetPinValue>
}
    13fa:	cf 91       	pop	r28
    13fc:	df 91       	pop	r29
    13fe:	08 95       	ret

00001400 <KEYPAD_u8GetPressedKey>:

u8 KEYPAD_u8GetPressedKey(void)
{
    1400:	df 93       	push	r29
    1402:	cf 93       	push	r28
    1404:	cd b7       	in	r28, 0x3d	; 61
    1406:	de b7       	in	r29, 0x3e	; 62
    1408:	2a 97       	sbiw	r28, 0x0a	; 10
    140a:	0f b6       	in	r0, 0x3f	; 63
    140c:	f8 94       	cli
    140e:	de bf       	out	0x3e, r29	; 62
    1410:	0f be       	out	0x3f, r0	; 63
    1412:	cd bf       	out	0x3d, r28	; 61
	u8 RowValue;
	u8 PressedKey=0xFF;
    1414:	8f ef       	ldi	r24, 0xFF	; 255
    1416:	89 83       	std	Y+1, r24	; 0x01

	DIO_voidSetPinValue(KEYPAD_COL0,LOW);
    1418:	80 e0       	ldi	r24, 0x00	; 0
    141a:	60 e0       	ldi	r22, 0x00	; 0
    141c:	40 e0       	ldi	r20, 0x00	; 0
    141e:	0e 94 f3 0c 	call	0x19e6	; 0x19e6 <DIO_voidSetPinValue>
	DIO_voidSetPinValue(KEYPAD_COL1,HIGH);
    1422:	80 e0       	ldi	r24, 0x00	; 0
    1424:	61 e0       	ldi	r22, 0x01	; 1
    1426:	41 e0       	ldi	r20, 0x01	; 1
    1428:	0e 94 f3 0c 	call	0x19e6	; 0x19e6 <DIO_voidSetPinValue>
	DIO_voidSetPinValue(KEYPAD_COL2,HIGH);
    142c:	80 e0       	ldi	r24, 0x00	; 0
    142e:	62 e0       	ldi	r22, 0x02	; 2
    1430:	41 e0       	ldi	r20, 0x01	; 1
    1432:	0e 94 f3 0c 	call	0x19e6	; 0x19e6 <DIO_voidSetPinValue>
	DIO_voidSetPinValue(KEYPAD_COL3,HIGH);
    1436:	80 e0       	ldi	r24, 0x00	; 0
    1438:	63 e0       	ldi	r22, 0x03	; 3
    143a:	41 e0       	ldi	r20, 0x01	; 1
    143c:	0e 94 f3 0c 	call	0x19e6	; 0x19e6 <DIO_voidSetPinValue>

	RowValue=DIO_u8GetPinValue(KEYPAD_ROW0);
    1440:	80 e0       	ldi	r24, 0x00	; 0
    1442:	64 e0       	ldi	r22, 0x04	; 4
    1444:	0e 94 fb 0d 	call	0x1bf6	; 0x1bf6 <DIO_u8GetPinValue>
    1448:	8a 83       	std	Y+2, r24	; 0x02
	RowValue|=DIO_u8GetPinValue(KEYPAD_ROW1)<<1;
    144a:	80 e0       	ldi	r24, 0x00	; 0
    144c:	65 e0       	ldi	r22, 0x05	; 5
    144e:	0e 94 fb 0d 	call	0x1bf6	; 0x1bf6 <DIO_u8GetPinValue>
    1452:	88 2f       	mov	r24, r24
    1454:	90 e0       	ldi	r25, 0x00	; 0
    1456:	88 0f       	add	r24, r24
    1458:	99 1f       	adc	r25, r25
    145a:	98 2f       	mov	r25, r24
    145c:	8a 81       	ldd	r24, Y+2	; 0x02
    145e:	89 2b       	or	r24, r25
    1460:	8a 83       	std	Y+2, r24	; 0x02
	RowValue|=DIO_u8GetPinValue(KEYPAD_ROW2)<<2;
    1462:	80 e0       	ldi	r24, 0x00	; 0
    1464:	66 e0       	ldi	r22, 0x06	; 6
    1466:	0e 94 fb 0d 	call	0x1bf6	; 0x1bf6 <DIO_u8GetPinValue>
    146a:	88 2f       	mov	r24, r24
    146c:	90 e0       	ldi	r25, 0x00	; 0
    146e:	88 0f       	add	r24, r24
    1470:	99 1f       	adc	r25, r25
    1472:	88 0f       	add	r24, r24
    1474:	99 1f       	adc	r25, r25
    1476:	98 2f       	mov	r25, r24
    1478:	8a 81       	ldd	r24, Y+2	; 0x02
    147a:	89 2b       	or	r24, r25
    147c:	8a 83       	std	Y+2, r24	; 0x02
	RowValue|=DIO_u8GetPinValue(KEYPAD_ROW3)<<3;
    147e:	80 e0       	ldi	r24, 0x00	; 0
    1480:	67 e0       	ldi	r22, 0x07	; 7
    1482:	0e 94 fb 0d 	call	0x1bf6	; 0x1bf6 <DIO_u8GetPinValue>
    1486:	88 2f       	mov	r24, r24
    1488:	90 e0       	ldi	r25, 0x00	; 0
    148a:	88 0f       	add	r24, r24
    148c:	99 1f       	adc	r25, r25
    148e:	88 0f       	add	r24, r24
    1490:	99 1f       	adc	r25, r25
    1492:	88 0f       	add	r24, r24
    1494:	99 1f       	adc	r25, r25
    1496:	98 2f       	mov	r25, r24
    1498:	8a 81       	ldd	r24, Y+2	; 0x02
    149a:	89 2b       	or	r24, r25
    149c:	8a 83       	std	Y+2, r24	; 0x02


	switch(RowValue)
    149e:	8a 81       	ldd	r24, Y+2	; 0x02
    14a0:	28 2f       	mov	r18, r24
    14a2:	30 e0       	ldi	r19, 0x00	; 0
    14a4:	3a 87       	std	Y+10, r19	; 0x0a
    14a6:	29 87       	std	Y+9, r18	; 0x09
    14a8:	89 85       	ldd	r24, Y+9	; 0x09
    14aa:	9a 85       	ldd	r25, Y+10	; 0x0a
    14ac:	8b 30       	cpi	r24, 0x0B	; 11
    14ae:	91 05       	cpc	r25, r1
    14b0:	d9 f0       	breq	.+54     	; 0x14e8 <KEYPAD_u8GetPressedKey+0xe8>
    14b2:	29 85       	ldd	r18, Y+9	; 0x09
    14b4:	3a 85       	ldd	r19, Y+10	; 0x0a
    14b6:	2c 30       	cpi	r18, 0x0C	; 12
    14b8:	31 05       	cpc	r19, r1
    14ba:	34 f4       	brge	.+12     	; 0x14c8 <KEYPAD_u8GetPressedKey+0xc8>
    14bc:	89 85       	ldd	r24, Y+9	; 0x09
    14be:	9a 85       	ldd	r25, Y+10	; 0x0a
    14c0:	87 30       	cpi	r24, 0x07	; 7
    14c2:	91 05       	cpc	r25, r1
    14c4:	a1 f0       	breq	.+40     	; 0x14ee <KEYPAD_u8GetPressedKey+0xee>
    14c6:	16 c0       	rjmp	.+44     	; 0x14f4 <KEYPAD_u8GetPressedKey+0xf4>
    14c8:	29 85       	ldd	r18, Y+9	; 0x09
    14ca:	3a 85       	ldd	r19, Y+10	; 0x0a
    14cc:	2d 30       	cpi	r18, 0x0D	; 13
    14ce:	31 05       	cpc	r19, r1
    14d0:	41 f0       	breq	.+16     	; 0x14e2 <KEYPAD_u8GetPressedKey+0xe2>
    14d2:	89 85       	ldd	r24, Y+9	; 0x09
    14d4:	9a 85       	ldd	r25, Y+10	; 0x0a
    14d6:	8e 30       	cpi	r24, 0x0E	; 14
    14d8:	91 05       	cpc	r25, r1
    14da:	61 f4       	brne	.+24     	; 0x14f4 <KEYPAD_u8GetPressedKey+0xf4>
	{
	case 0b00001110:
	PressedKey='1';
    14dc:	81 e3       	ldi	r24, 0x31	; 49
    14de:	89 83       	std	Y+1, r24	; 0x01
    14e0:	0b c0       	rjmp	.+22     	; 0x14f8 <KEYPAD_u8GetPressedKey+0xf8>
	break;

	case 0b00001101:
	PressedKey='4';
    14e2:	84 e3       	ldi	r24, 0x34	; 52
    14e4:	89 83       	std	Y+1, r24	; 0x01
    14e6:	08 c0       	rjmp	.+16     	; 0x14f8 <KEYPAD_u8GetPressedKey+0xf8>
	break;

	case 0b00001011:
	PressedKey='7';
    14e8:	87 e3       	ldi	r24, 0x37	; 55
    14ea:	89 83       	std	Y+1, r24	; 0x01
    14ec:	05 c0       	rjmp	.+10     	; 0x14f8 <KEYPAD_u8GetPressedKey+0xf8>
	break;

	case 0b00000111:
	PressedKey='*';
    14ee:	8a e2       	ldi	r24, 0x2A	; 42
    14f0:	89 83       	std	Y+1, r24	; 0x01
    14f2:	02 c0       	rjmp	.+4      	; 0x14f8 <KEYPAD_u8GetPressedKey+0xf8>
	break;

	default:
		PressedKey=0xFF;
    14f4:	8f ef       	ldi	r24, 0xFF	; 255
    14f6:	89 83       	std	Y+1, r24	; 0x01
		break;
	}

		DIO_voidSetPinValue(KEYPAD_COL0,HIGH);
    14f8:	80 e0       	ldi	r24, 0x00	; 0
    14fa:	60 e0       	ldi	r22, 0x00	; 0
    14fc:	41 e0       	ldi	r20, 0x01	; 1
    14fe:	0e 94 f3 0c 	call	0x19e6	; 0x19e6 <DIO_voidSetPinValue>
		DIO_voidSetPinValue(KEYPAD_COL1,LOW);
    1502:	80 e0       	ldi	r24, 0x00	; 0
    1504:	61 e0       	ldi	r22, 0x01	; 1
    1506:	40 e0       	ldi	r20, 0x00	; 0
    1508:	0e 94 f3 0c 	call	0x19e6	; 0x19e6 <DIO_voidSetPinValue>
		DIO_voidSetPinValue(KEYPAD_COL2,HIGH);
    150c:	80 e0       	ldi	r24, 0x00	; 0
    150e:	62 e0       	ldi	r22, 0x02	; 2
    1510:	41 e0       	ldi	r20, 0x01	; 1
    1512:	0e 94 f3 0c 	call	0x19e6	; 0x19e6 <DIO_voidSetPinValue>
		DIO_voidSetPinValue(KEYPAD_COL3,HIGH);
    1516:	80 e0       	ldi	r24, 0x00	; 0
    1518:	63 e0       	ldi	r22, 0x03	; 3
    151a:	41 e0       	ldi	r20, 0x01	; 1
    151c:	0e 94 f3 0c 	call	0x19e6	; 0x19e6 <DIO_voidSetPinValue>

		RowValue=DIO_u8GetPinValue(KEYPAD_ROW0);
    1520:	80 e0       	ldi	r24, 0x00	; 0
    1522:	64 e0       	ldi	r22, 0x04	; 4
    1524:	0e 94 fb 0d 	call	0x1bf6	; 0x1bf6 <DIO_u8GetPinValue>
    1528:	8a 83       	std	Y+2, r24	; 0x02
		RowValue|=DIO_u8GetPinValue(KEYPAD_ROW1)<<1;
    152a:	80 e0       	ldi	r24, 0x00	; 0
    152c:	65 e0       	ldi	r22, 0x05	; 5
    152e:	0e 94 fb 0d 	call	0x1bf6	; 0x1bf6 <DIO_u8GetPinValue>
    1532:	88 2f       	mov	r24, r24
    1534:	90 e0       	ldi	r25, 0x00	; 0
    1536:	88 0f       	add	r24, r24
    1538:	99 1f       	adc	r25, r25
    153a:	98 2f       	mov	r25, r24
    153c:	8a 81       	ldd	r24, Y+2	; 0x02
    153e:	89 2b       	or	r24, r25
    1540:	8a 83       	std	Y+2, r24	; 0x02
		RowValue|=DIO_u8GetPinValue(KEYPAD_ROW2)<<2;
    1542:	80 e0       	ldi	r24, 0x00	; 0
    1544:	66 e0       	ldi	r22, 0x06	; 6
    1546:	0e 94 fb 0d 	call	0x1bf6	; 0x1bf6 <DIO_u8GetPinValue>
    154a:	88 2f       	mov	r24, r24
    154c:	90 e0       	ldi	r25, 0x00	; 0
    154e:	88 0f       	add	r24, r24
    1550:	99 1f       	adc	r25, r25
    1552:	88 0f       	add	r24, r24
    1554:	99 1f       	adc	r25, r25
    1556:	98 2f       	mov	r25, r24
    1558:	8a 81       	ldd	r24, Y+2	; 0x02
    155a:	89 2b       	or	r24, r25
    155c:	8a 83       	std	Y+2, r24	; 0x02
		RowValue|=DIO_u8GetPinValue(KEYPAD_ROW3)<<3;
    155e:	80 e0       	ldi	r24, 0x00	; 0
    1560:	67 e0       	ldi	r22, 0x07	; 7
    1562:	0e 94 fb 0d 	call	0x1bf6	; 0x1bf6 <DIO_u8GetPinValue>
    1566:	88 2f       	mov	r24, r24
    1568:	90 e0       	ldi	r25, 0x00	; 0
    156a:	88 0f       	add	r24, r24
    156c:	99 1f       	adc	r25, r25
    156e:	88 0f       	add	r24, r24
    1570:	99 1f       	adc	r25, r25
    1572:	88 0f       	add	r24, r24
    1574:	99 1f       	adc	r25, r25
    1576:	98 2f       	mov	r25, r24
    1578:	8a 81       	ldd	r24, Y+2	; 0x02
    157a:	89 2b       	or	r24, r25
    157c:	8a 83       	std	Y+2, r24	; 0x02


		switch(RowValue)
    157e:	8a 81       	ldd	r24, Y+2	; 0x02
    1580:	28 2f       	mov	r18, r24
    1582:	30 e0       	ldi	r19, 0x00	; 0
    1584:	38 87       	std	Y+8, r19	; 0x08
    1586:	2f 83       	std	Y+7, r18	; 0x07
    1588:	8f 81       	ldd	r24, Y+7	; 0x07
    158a:	98 85       	ldd	r25, Y+8	; 0x08
    158c:	8b 30       	cpi	r24, 0x0B	; 11
    158e:	91 05       	cpc	r25, r1
    1590:	d9 f0       	breq	.+54     	; 0x15c8 <KEYPAD_u8GetPressedKey+0x1c8>
    1592:	2f 81       	ldd	r18, Y+7	; 0x07
    1594:	38 85       	ldd	r19, Y+8	; 0x08
    1596:	2c 30       	cpi	r18, 0x0C	; 12
    1598:	31 05       	cpc	r19, r1
    159a:	34 f4       	brge	.+12     	; 0x15a8 <KEYPAD_u8GetPressedKey+0x1a8>
    159c:	8f 81       	ldd	r24, Y+7	; 0x07
    159e:	98 85       	ldd	r25, Y+8	; 0x08
    15a0:	87 30       	cpi	r24, 0x07	; 7
    15a2:	91 05       	cpc	r25, r1
    15a4:	a1 f0       	breq	.+40     	; 0x15ce <KEYPAD_u8GetPressedKey+0x1ce>
    15a6:	16 c0       	rjmp	.+44     	; 0x15d4 <KEYPAD_u8GetPressedKey+0x1d4>
    15a8:	2f 81       	ldd	r18, Y+7	; 0x07
    15aa:	38 85       	ldd	r19, Y+8	; 0x08
    15ac:	2d 30       	cpi	r18, 0x0D	; 13
    15ae:	31 05       	cpc	r19, r1
    15b0:	41 f0       	breq	.+16     	; 0x15c2 <KEYPAD_u8GetPressedKey+0x1c2>
    15b2:	8f 81       	ldd	r24, Y+7	; 0x07
    15b4:	98 85       	ldd	r25, Y+8	; 0x08
    15b6:	8e 30       	cpi	r24, 0x0E	; 14
    15b8:	91 05       	cpc	r25, r1
    15ba:	61 f4       	brne	.+24     	; 0x15d4 <KEYPAD_u8GetPressedKey+0x1d4>
		{
		case 0b00001110:
		PressedKey='2';
    15bc:	82 e3       	ldi	r24, 0x32	; 50
    15be:	89 83       	std	Y+1, r24	; 0x01
    15c0:	0b c0       	rjmp	.+22     	; 0x15d8 <KEYPAD_u8GetPressedKey+0x1d8>
		break;

		case 0b00001101:
		PressedKey='5';
    15c2:	85 e3       	ldi	r24, 0x35	; 53
    15c4:	89 83       	std	Y+1, r24	; 0x01
    15c6:	08 c0       	rjmp	.+16     	; 0x15d8 <KEYPAD_u8GetPressedKey+0x1d8>
		break;

		case 0b00001011:
		PressedKey='8';
    15c8:	88 e3       	ldi	r24, 0x38	; 56
    15ca:	89 83       	std	Y+1, r24	; 0x01
    15cc:	05 c0       	rjmp	.+10     	; 0x15d8 <KEYPAD_u8GetPressedKey+0x1d8>
		break;

		case 0b00000111:
		PressedKey='0';
    15ce:	80 e3       	ldi	r24, 0x30	; 48
    15d0:	89 83       	std	Y+1, r24	; 0x01
    15d2:	02 c0       	rjmp	.+4      	; 0x15d8 <KEYPAD_u8GetPressedKey+0x1d8>
		break;

		default:
			PressedKey=0xFF;
    15d4:	8f ef       	ldi	r24, 0xFF	; 255
    15d6:	89 83       	std	Y+1, r24	; 0x01
			break;
		}

			DIO_voidSetPinValue(KEYPAD_COL0,HIGH);
    15d8:	80 e0       	ldi	r24, 0x00	; 0
    15da:	60 e0       	ldi	r22, 0x00	; 0
    15dc:	41 e0       	ldi	r20, 0x01	; 1
    15de:	0e 94 f3 0c 	call	0x19e6	; 0x19e6 <DIO_voidSetPinValue>
			DIO_voidSetPinValue(KEYPAD_COL1,HIGH);
    15e2:	80 e0       	ldi	r24, 0x00	; 0
    15e4:	61 e0       	ldi	r22, 0x01	; 1
    15e6:	41 e0       	ldi	r20, 0x01	; 1
    15e8:	0e 94 f3 0c 	call	0x19e6	; 0x19e6 <DIO_voidSetPinValue>
			DIO_voidSetPinValue(KEYPAD_COL2,LOW);
    15ec:	80 e0       	ldi	r24, 0x00	; 0
    15ee:	62 e0       	ldi	r22, 0x02	; 2
    15f0:	40 e0       	ldi	r20, 0x00	; 0
    15f2:	0e 94 f3 0c 	call	0x19e6	; 0x19e6 <DIO_voidSetPinValue>
			DIO_voidSetPinValue(KEYPAD_COL3,HIGH);
    15f6:	80 e0       	ldi	r24, 0x00	; 0
    15f8:	63 e0       	ldi	r22, 0x03	; 3
    15fa:	41 e0       	ldi	r20, 0x01	; 1
    15fc:	0e 94 f3 0c 	call	0x19e6	; 0x19e6 <DIO_voidSetPinValue>

			RowValue=DIO_u8GetPinValue(KEYPAD_ROW0);
    1600:	80 e0       	ldi	r24, 0x00	; 0
    1602:	64 e0       	ldi	r22, 0x04	; 4
    1604:	0e 94 fb 0d 	call	0x1bf6	; 0x1bf6 <DIO_u8GetPinValue>
    1608:	8a 83       	std	Y+2, r24	; 0x02
			RowValue|=DIO_u8GetPinValue(KEYPAD_ROW1)<<1;
    160a:	80 e0       	ldi	r24, 0x00	; 0
    160c:	65 e0       	ldi	r22, 0x05	; 5
    160e:	0e 94 fb 0d 	call	0x1bf6	; 0x1bf6 <DIO_u8GetPinValue>
    1612:	88 2f       	mov	r24, r24
    1614:	90 e0       	ldi	r25, 0x00	; 0
    1616:	88 0f       	add	r24, r24
    1618:	99 1f       	adc	r25, r25
    161a:	98 2f       	mov	r25, r24
    161c:	8a 81       	ldd	r24, Y+2	; 0x02
    161e:	89 2b       	or	r24, r25
    1620:	8a 83       	std	Y+2, r24	; 0x02
			RowValue|=DIO_u8GetPinValue(KEYPAD_ROW2)<<2;
    1622:	80 e0       	ldi	r24, 0x00	; 0
    1624:	66 e0       	ldi	r22, 0x06	; 6
    1626:	0e 94 fb 0d 	call	0x1bf6	; 0x1bf6 <DIO_u8GetPinValue>
    162a:	88 2f       	mov	r24, r24
    162c:	90 e0       	ldi	r25, 0x00	; 0
    162e:	88 0f       	add	r24, r24
    1630:	99 1f       	adc	r25, r25
    1632:	88 0f       	add	r24, r24
    1634:	99 1f       	adc	r25, r25
    1636:	98 2f       	mov	r25, r24
    1638:	8a 81       	ldd	r24, Y+2	; 0x02
    163a:	89 2b       	or	r24, r25
    163c:	8a 83       	std	Y+2, r24	; 0x02
			RowValue|=DIO_u8GetPinValue(KEYPAD_ROW3)<<3;
    163e:	80 e0       	ldi	r24, 0x00	; 0
    1640:	67 e0       	ldi	r22, 0x07	; 7
    1642:	0e 94 fb 0d 	call	0x1bf6	; 0x1bf6 <DIO_u8GetPinValue>
    1646:	88 2f       	mov	r24, r24
    1648:	90 e0       	ldi	r25, 0x00	; 0
    164a:	88 0f       	add	r24, r24
    164c:	99 1f       	adc	r25, r25
    164e:	88 0f       	add	r24, r24
    1650:	99 1f       	adc	r25, r25
    1652:	88 0f       	add	r24, r24
    1654:	99 1f       	adc	r25, r25
    1656:	98 2f       	mov	r25, r24
    1658:	8a 81       	ldd	r24, Y+2	; 0x02
    165a:	89 2b       	or	r24, r25
    165c:	8a 83       	std	Y+2, r24	; 0x02


			switch(RowValue)
    165e:	8a 81       	ldd	r24, Y+2	; 0x02
    1660:	28 2f       	mov	r18, r24
    1662:	30 e0       	ldi	r19, 0x00	; 0
    1664:	3e 83       	std	Y+6, r19	; 0x06
    1666:	2d 83       	std	Y+5, r18	; 0x05
    1668:	8d 81       	ldd	r24, Y+5	; 0x05
    166a:	9e 81       	ldd	r25, Y+6	; 0x06
    166c:	8b 30       	cpi	r24, 0x0B	; 11
    166e:	91 05       	cpc	r25, r1
    1670:	d9 f0       	breq	.+54     	; 0x16a8 <KEYPAD_u8GetPressedKey+0x2a8>
    1672:	2d 81       	ldd	r18, Y+5	; 0x05
    1674:	3e 81       	ldd	r19, Y+6	; 0x06
    1676:	2c 30       	cpi	r18, 0x0C	; 12
    1678:	31 05       	cpc	r19, r1
    167a:	34 f4       	brge	.+12     	; 0x1688 <KEYPAD_u8GetPressedKey+0x288>
    167c:	8d 81       	ldd	r24, Y+5	; 0x05
    167e:	9e 81       	ldd	r25, Y+6	; 0x06
    1680:	87 30       	cpi	r24, 0x07	; 7
    1682:	91 05       	cpc	r25, r1
    1684:	a1 f0       	breq	.+40     	; 0x16ae <KEYPAD_u8GetPressedKey+0x2ae>
    1686:	16 c0       	rjmp	.+44     	; 0x16b4 <KEYPAD_u8GetPressedKey+0x2b4>
    1688:	2d 81       	ldd	r18, Y+5	; 0x05
    168a:	3e 81       	ldd	r19, Y+6	; 0x06
    168c:	2d 30       	cpi	r18, 0x0D	; 13
    168e:	31 05       	cpc	r19, r1
    1690:	41 f0       	breq	.+16     	; 0x16a2 <KEYPAD_u8GetPressedKey+0x2a2>
    1692:	8d 81       	ldd	r24, Y+5	; 0x05
    1694:	9e 81       	ldd	r25, Y+6	; 0x06
    1696:	8e 30       	cpi	r24, 0x0E	; 14
    1698:	91 05       	cpc	r25, r1
    169a:	61 f4       	brne	.+24     	; 0x16b4 <KEYPAD_u8GetPressedKey+0x2b4>
			{
			case 0b00001110:
			PressedKey='3';
    169c:	83 e3       	ldi	r24, 0x33	; 51
    169e:	89 83       	std	Y+1, r24	; 0x01
    16a0:	0b c0       	rjmp	.+22     	; 0x16b8 <KEYPAD_u8GetPressedKey+0x2b8>
			break;

			case 0b00001101:
			PressedKey='6';
    16a2:	86 e3       	ldi	r24, 0x36	; 54
    16a4:	89 83       	std	Y+1, r24	; 0x01
    16a6:	08 c0       	rjmp	.+16     	; 0x16b8 <KEYPAD_u8GetPressedKey+0x2b8>
			break;

			case 0b00001011:
			PressedKey='9';
    16a8:	89 e3       	ldi	r24, 0x39	; 57
    16aa:	89 83       	std	Y+1, r24	; 0x01
    16ac:	05 c0       	rjmp	.+10     	; 0x16b8 <KEYPAD_u8GetPressedKey+0x2b8>
			break;

			case 0b00000111:
			PressedKey='#';
    16ae:	83 e2       	ldi	r24, 0x23	; 35
    16b0:	89 83       	std	Y+1, r24	; 0x01
    16b2:	02 c0       	rjmp	.+4      	; 0x16b8 <KEYPAD_u8GetPressedKey+0x2b8>
			break;

			default:
				PressedKey=0xFF;
    16b4:	8f ef       	ldi	r24, 0xFF	; 255
    16b6:	89 83       	std	Y+1, r24	; 0x01
				break;
			}

				DIO_voidSetPinValue(KEYPAD_COL0,HIGH);
    16b8:	80 e0       	ldi	r24, 0x00	; 0
    16ba:	60 e0       	ldi	r22, 0x00	; 0
    16bc:	41 e0       	ldi	r20, 0x01	; 1
    16be:	0e 94 f3 0c 	call	0x19e6	; 0x19e6 <DIO_voidSetPinValue>
				DIO_voidSetPinValue(KEYPAD_COL1,HIGH);
    16c2:	80 e0       	ldi	r24, 0x00	; 0
    16c4:	61 e0       	ldi	r22, 0x01	; 1
    16c6:	41 e0       	ldi	r20, 0x01	; 1
    16c8:	0e 94 f3 0c 	call	0x19e6	; 0x19e6 <DIO_voidSetPinValue>
				DIO_voidSetPinValue(KEYPAD_COL2,HIGH);
    16cc:	80 e0       	ldi	r24, 0x00	; 0
    16ce:	62 e0       	ldi	r22, 0x02	; 2
    16d0:	41 e0       	ldi	r20, 0x01	; 1
    16d2:	0e 94 f3 0c 	call	0x19e6	; 0x19e6 <DIO_voidSetPinValue>
				DIO_voidSetPinValue(KEYPAD_COL3,LOW);
    16d6:	80 e0       	ldi	r24, 0x00	; 0
    16d8:	63 e0       	ldi	r22, 0x03	; 3
    16da:	40 e0       	ldi	r20, 0x00	; 0
    16dc:	0e 94 f3 0c 	call	0x19e6	; 0x19e6 <DIO_voidSetPinValue>

				RowValue=DIO_u8GetPinValue(KEYPAD_ROW0);
    16e0:	80 e0       	ldi	r24, 0x00	; 0
    16e2:	64 e0       	ldi	r22, 0x04	; 4
    16e4:	0e 94 fb 0d 	call	0x1bf6	; 0x1bf6 <DIO_u8GetPinValue>
    16e8:	8a 83       	std	Y+2, r24	; 0x02
				RowValue|=DIO_u8GetPinValue(KEYPAD_ROW1)<<1;
    16ea:	80 e0       	ldi	r24, 0x00	; 0
    16ec:	65 e0       	ldi	r22, 0x05	; 5
    16ee:	0e 94 fb 0d 	call	0x1bf6	; 0x1bf6 <DIO_u8GetPinValue>
    16f2:	88 2f       	mov	r24, r24
    16f4:	90 e0       	ldi	r25, 0x00	; 0
    16f6:	88 0f       	add	r24, r24
    16f8:	99 1f       	adc	r25, r25
    16fa:	98 2f       	mov	r25, r24
    16fc:	8a 81       	ldd	r24, Y+2	; 0x02
    16fe:	89 2b       	or	r24, r25
    1700:	8a 83       	std	Y+2, r24	; 0x02
				RowValue|=DIO_u8GetPinValue(KEYPAD_ROW2)<<2;
    1702:	80 e0       	ldi	r24, 0x00	; 0
    1704:	66 e0       	ldi	r22, 0x06	; 6
    1706:	0e 94 fb 0d 	call	0x1bf6	; 0x1bf6 <DIO_u8GetPinValue>
    170a:	88 2f       	mov	r24, r24
    170c:	90 e0       	ldi	r25, 0x00	; 0
    170e:	88 0f       	add	r24, r24
    1710:	99 1f       	adc	r25, r25
    1712:	88 0f       	add	r24, r24
    1714:	99 1f       	adc	r25, r25
    1716:	98 2f       	mov	r25, r24
    1718:	8a 81       	ldd	r24, Y+2	; 0x02
    171a:	89 2b       	or	r24, r25
    171c:	8a 83       	std	Y+2, r24	; 0x02
				RowValue|=DIO_u8GetPinValue(KEYPAD_ROW3)<<3;
    171e:	80 e0       	ldi	r24, 0x00	; 0
    1720:	67 e0       	ldi	r22, 0x07	; 7
    1722:	0e 94 fb 0d 	call	0x1bf6	; 0x1bf6 <DIO_u8GetPinValue>
    1726:	88 2f       	mov	r24, r24
    1728:	90 e0       	ldi	r25, 0x00	; 0
    172a:	88 0f       	add	r24, r24
    172c:	99 1f       	adc	r25, r25
    172e:	88 0f       	add	r24, r24
    1730:	99 1f       	adc	r25, r25
    1732:	88 0f       	add	r24, r24
    1734:	99 1f       	adc	r25, r25
    1736:	98 2f       	mov	r25, r24
    1738:	8a 81       	ldd	r24, Y+2	; 0x02
    173a:	89 2b       	or	r24, r25
    173c:	8a 83       	std	Y+2, r24	; 0x02


				switch(RowValue)
    173e:	8a 81       	ldd	r24, Y+2	; 0x02
    1740:	28 2f       	mov	r18, r24
    1742:	30 e0       	ldi	r19, 0x00	; 0
    1744:	3c 83       	std	Y+4, r19	; 0x04
    1746:	2b 83       	std	Y+3, r18	; 0x03
    1748:	8b 81       	ldd	r24, Y+3	; 0x03
    174a:	9c 81       	ldd	r25, Y+4	; 0x04
    174c:	8b 30       	cpi	r24, 0x0B	; 11
    174e:	91 05       	cpc	r25, r1
    1750:	d9 f0       	breq	.+54     	; 0x1788 <KEYPAD_u8GetPressedKey+0x388>
    1752:	2b 81       	ldd	r18, Y+3	; 0x03
    1754:	3c 81       	ldd	r19, Y+4	; 0x04
    1756:	2c 30       	cpi	r18, 0x0C	; 12
    1758:	31 05       	cpc	r19, r1
    175a:	34 f4       	brge	.+12     	; 0x1768 <KEYPAD_u8GetPressedKey+0x368>
    175c:	8b 81       	ldd	r24, Y+3	; 0x03
    175e:	9c 81       	ldd	r25, Y+4	; 0x04
    1760:	87 30       	cpi	r24, 0x07	; 7
    1762:	91 05       	cpc	r25, r1
    1764:	a1 f0       	breq	.+40     	; 0x178e <KEYPAD_u8GetPressedKey+0x38e>
    1766:	16 c0       	rjmp	.+44     	; 0x1794 <KEYPAD_u8GetPressedKey+0x394>
    1768:	2b 81       	ldd	r18, Y+3	; 0x03
    176a:	3c 81       	ldd	r19, Y+4	; 0x04
    176c:	2d 30       	cpi	r18, 0x0D	; 13
    176e:	31 05       	cpc	r19, r1
    1770:	41 f0       	breq	.+16     	; 0x1782 <KEYPAD_u8GetPressedKey+0x382>
    1772:	8b 81       	ldd	r24, Y+3	; 0x03
    1774:	9c 81       	ldd	r25, Y+4	; 0x04
    1776:	8e 30       	cpi	r24, 0x0E	; 14
    1778:	91 05       	cpc	r25, r1
    177a:	61 f4       	brne	.+24     	; 0x1794 <KEYPAD_u8GetPressedKey+0x394>
				{
				case 0b00001110:
				PressedKey='/';
    177c:	8f e2       	ldi	r24, 0x2F	; 47
    177e:	89 83       	std	Y+1, r24	; 0x01
    1780:	0b c0       	rjmp	.+22     	; 0x1798 <KEYPAD_u8GetPressedKey+0x398>
				break;

				case 0b00001101:
				PressedKey='+';
    1782:	8b e2       	ldi	r24, 0x2B	; 43
    1784:	89 83       	std	Y+1, r24	; 0x01
    1786:	08 c0       	rjmp	.+16     	; 0x1798 <KEYPAD_u8GetPressedKey+0x398>
				break;

				case 0b00001011:
				PressedKey='-';
    1788:	8d e2       	ldi	r24, 0x2D	; 45
    178a:	89 83       	std	Y+1, r24	; 0x01
    178c:	05 c0       	rjmp	.+10     	; 0x1798 <KEYPAD_u8GetPressedKey+0x398>
				break;

				case 0b00000111:
				PressedKey='*';
    178e:	8a e2       	ldi	r24, 0x2A	; 42
    1790:	89 83       	std	Y+1, r24	; 0x01
    1792:	02 c0       	rjmp	.+4      	; 0x1798 <KEYPAD_u8GetPressedKey+0x398>
				break;

				default:
					PressedKey=0xFF;
    1794:	8f ef       	ldi	r24, 0xFF	; 255
    1796:	89 83       	std	Y+1, r24	; 0x01
					break;
				}
	return PressedKey;
    1798:	89 81       	ldd	r24, Y+1	; 0x01
}
    179a:	2a 96       	adiw	r28, 0x0a	; 10
    179c:	0f b6       	in	r0, 0x3f	; 63
    179e:	f8 94       	cli
    17a0:	de bf       	out	0x3e, r29	; 62
    17a2:	0f be       	out	0x3f, r0	; 63
    17a4:	cd bf       	out	0x3d, r28	; 61
    17a6:	cf 91       	pop	r28
    17a8:	df 91       	pop	r29
    17aa:	08 95       	ret

000017ac <DIO_voidInitialization>:
#include "DIO_int.h"
#include "DIO_private.h"


void DIO_voidInitialization(void)
{
    17ac:	df 93       	push	r29
    17ae:	cf 93       	push	r28
    17b0:	cd b7       	in	r28, 0x3d	; 61
    17b2:	de b7       	in	r29, 0x3e	; 62
	DDRA_REG = DIO_PORTA_DIRECTIONS;
    17b4:	ea e3       	ldi	r30, 0x3A	; 58
    17b6:	f0 e0       	ldi	r31, 0x00	; 0
    17b8:	8f ef       	ldi	r24, 0xFF	; 255
    17ba:	80 83       	st	Z, r24
	DDRB_REG = DIO_PORTB_DIRECTIONS;
    17bc:	e7 e3       	ldi	r30, 0x37	; 55
    17be:	f0 e0       	ldi	r31, 0x00	; 0
    17c0:	8f ef       	ldi	r24, 0xFF	; 255
    17c2:	80 83       	st	Z, r24
	DDRC_REG = DIO_PORTC_DIRECTIONS;
    17c4:	e4 e3       	ldi	r30, 0x34	; 52
    17c6:	f0 e0       	ldi	r31, 0x00	; 0
    17c8:	10 82       	st	Z, r1
	DDRD_REG = DIO_PORTD_DIRECTIONS;
    17ca:	e1 e3       	ldi	r30, 0x31	; 49
    17cc:	f0 e0       	ldi	r31, 0x00	; 0
    17ce:	10 82       	st	Z, r1
}
    17d0:	cf 91       	pop	r28
    17d2:	df 91       	pop	r29
    17d4:	08 95       	ret

000017d6 <DIO_voidSetPinDirection>:
void DIO_voidSetPinDirection(u8 PortID, u8 PinID, u8 Direction)
{
    17d6:	df 93       	push	r29
    17d8:	cf 93       	push	r28
    17da:	cd b7       	in	r28, 0x3d	; 61
    17dc:	de b7       	in	r29, 0x3e	; 62
    17de:	27 97       	sbiw	r28, 0x07	; 7
    17e0:	0f b6       	in	r0, 0x3f	; 63
    17e2:	f8 94       	cli
    17e4:	de bf       	out	0x3e, r29	; 62
    17e6:	0f be       	out	0x3f, r0	; 63
    17e8:	cd bf       	out	0x3d, r28	; 61
    17ea:	89 83       	std	Y+1, r24	; 0x01
    17ec:	6a 83       	std	Y+2, r22	; 0x02
    17ee:	4b 83       	std	Y+3, r20	; 0x03
	if(PortID<4 && PinID<8)
    17f0:	89 81       	ldd	r24, Y+1	; 0x01
    17f2:	84 30       	cpi	r24, 0x04	; 4
    17f4:	08 f0       	brcs	.+2      	; 0x17f8 <DIO_voidSetPinDirection+0x22>
    17f6:	ee c0       	rjmp	.+476    	; 0x19d4 <DIO_voidSetPinDirection+0x1fe>
    17f8:	8a 81       	ldd	r24, Y+2	; 0x02
    17fa:	88 30       	cpi	r24, 0x08	; 8
    17fc:	08 f0       	brcs	.+2      	; 0x1800 <DIO_voidSetPinDirection+0x2a>
    17fe:	ea c0       	rjmp	.+468    	; 0x19d4 <DIO_voidSetPinDirection+0x1fe>
	{
		if(Direction==OUTPUT)
    1800:	8b 81       	ldd	r24, Y+3	; 0x03
    1802:	81 30       	cpi	r24, 0x01	; 1
    1804:	09 f0       	breq	.+2      	; 0x1808 <DIO_voidSetPinDirection+0x32>
    1806:	6f c0       	rjmp	.+222    	; 0x18e6 <DIO_voidSetPinDirection+0x110>
		{
			switch(PortID)
    1808:	89 81       	ldd	r24, Y+1	; 0x01
    180a:	28 2f       	mov	r18, r24
    180c:	30 e0       	ldi	r19, 0x00	; 0
    180e:	3f 83       	std	Y+7, r19	; 0x07
    1810:	2e 83       	std	Y+6, r18	; 0x06
    1812:	8e 81       	ldd	r24, Y+6	; 0x06
    1814:	9f 81       	ldd	r25, Y+7	; 0x07
    1816:	81 30       	cpi	r24, 0x01	; 1
    1818:	91 05       	cpc	r25, r1
    181a:	49 f1       	breq	.+82     	; 0x186e <DIO_voidSetPinDirection+0x98>
    181c:	2e 81       	ldd	r18, Y+6	; 0x06
    181e:	3f 81       	ldd	r19, Y+7	; 0x07
    1820:	22 30       	cpi	r18, 0x02	; 2
    1822:	31 05       	cpc	r19, r1
    1824:	2c f4       	brge	.+10     	; 0x1830 <DIO_voidSetPinDirection+0x5a>
    1826:	8e 81       	ldd	r24, Y+6	; 0x06
    1828:	9f 81       	ldd	r25, Y+7	; 0x07
    182a:	00 97       	sbiw	r24, 0x00	; 0
    182c:	61 f0       	breq	.+24     	; 0x1846 <DIO_voidSetPinDirection+0x70>
    182e:	d2 c0       	rjmp	.+420    	; 0x19d4 <DIO_voidSetPinDirection+0x1fe>
    1830:	2e 81       	ldd	r18, Y+6	; 0x06
    1832:	3f 81       	ldd	r19, Y+7	; 0x07
    1834:	22 30       	cpi	r18, 0x02	; 2
    1836:	31 05       	cpc	r19, r1
    1838:	71 f1       	breq	.+92     	; 0x1896 <DIO_voidSetPinDirection+0xc0>
    183a:	8e 81       	ldd	r24, Y+6	; 0x06
    183c:	9f 81       	ldd	r25, Y+7	; 0x07
    183e:	83 30       	cpi	r24, 0x03	; 3
    1840:	91 05       	cpc	r25, r1
    1842:	e9 f1       	breq	.+122    	; 0x18be <DIO_voidSetPinDirection+0xe8>
    1844:	c7 c0       	rjmp	.+398    	; 0x19d4 <DIO_voidSetPinDirection+0x1fe>
			{
			case PORTA:
			SET_BIT(DDRA_REG,PinID);
    1846:	aa e3       	ldi	r26, 0x3A	; 58
    1848:	b0 e0       	ldi	r27, 0x00	; 0
    184a:	ea e3       	ldi	r30, 0x3A	; 58
    184c:	f0 e0       	ldi	r31, 0x00	; 0
    184e:	80 81       	ld	r24, Z
    1850:	48 2f       	mov	r20, r24
    1852:	8a 81       	ldd	r24, Y+2	; 0x02
    1854:	28 2f       	mov	r18, r24
    1856:	30 e0       	ldi	r19, 0x00	; 0
    1858:	81 e0       	ldi	r24, 0x01	; 1
    185a:	90 e0       	ldi	r25, 0x00	; 0
    185c:	02 2e       	mov	r0, r18
    185e:	02 c0       	rjmp	.+4      	; 0x1864 <DIO_voidSetPinDirection+0x8e>
    1860:	88 0f       	add	r24, r24
    1862:	99 1f       	adc	r25, r25
    1864:	0a 94       	dec	r0
    1866:	e2 f7       	brpl	.-8      	; 0x1860 <DIO_voidSetPinDirection+0x8a>
    1868:	84 2b       	or	r24, r20
    186a:	8c 93       	st	X, r24
    186c:	b3 c0       	rjmp	.+358    	; 0x19d4 <DIO_voidSetPinDirection+0x1fe>
			break;
			case PORTB:
			SET_BIT(DDRB_REG,PinID);
    186e:	a7 e3       	ldi	r26, 0x37	; 55
    1870:	b0 e0       	ldi	r27, 0x00	; 0
    1872:	e7 e3       	ldi	r30, 0x37	; 55
    1874:	f0 e0       	ldi	r31, 0x00	; 0
    1876:	80 81       	ld	r24, Z
    1878:	48 2f       	mov	r20, r24
    187a:	8a 81       	ldd	r24, Y+2	; 0x02
    187c:	28 2f       	mov	r18, r24
    187e:	30 e0       	ldi	r19, 0x00	; 0
    1880:	81 e0       	ldi	r24, 0x01	; 1
    1882:	90 e0       	ldi	r25, 0x00	; 0
    1884:	02 2e       	mov	r0, r18
    1886:	02 c0       	rjmp	.+4      	; 0x188c <DIO_voidSetPinDirection+0xb6>
    1888:	88 0f       	add	r24, r24
    188a:	99 1f       	adc	r25, r25
    188c:	0a 94       	dec	r0
    188e:	e2 f7       	brpl	.-8      	; 0x1888 <DIO_voidSetPinDirection+0xb2>
    1890:	84 2b       	or	r24, r20
    1892:	8c 93       	st	X, r24
    1894:	9f c0       	rjmp	.+318    	; 0x19d4 <DIO_voidSetPinDirection+0x1fe>
			break;
			case PORTC:
			SET_BIT(DDRC_REG,PinID);
    1896:	a4 e3       	ldi	r26, 0x34	; 52
    1898:	b0 e0       	ldi	r27, 0x00	; 0
    189a:	e4 e3       	ldi	r30, 0x34	; 52
    189c:	f0 e0       	ldi	r31, 0x00	; 0
    189e:	80 81       	ld	r24, Z
    18a0:	48 2f       	mov	r20, r24
    18a2:	8a 81       	ldd	r24, Y+2	; 0x02
    18a4:	28 2f       	mov	r18, r24
    18a6:	30 e0       	ldi	r19, 0x00	; 0
    18a8:	81 e0       	ldi	r24, 0x01	; 1
    18aa:	90 e0       	ldi	r25, 0x00	; 0
    18ac:	02 2e       	mov	r0, r18
    18ae:	02 c0       	rjmp	.+4      	; 0x18b4 <DIO_voidSetPinDirection+0xde>
    18b0:	88 0f       	add	r24, r24
    18b2:	99 1f       	adc	r25, r25
    18b4:	0a 94       	dec	r0
    18b6:	e2 f7       	brpl	.-8      	; 0x18b0 <DIO_voidSetPinDirection+0xda>
    18b8:	84 2b       	or	r24, r20
    18ba:	8c 93       	st	X, r24
    18bc:	8b c0       	rjmp	.+278    	; 0x19d4 <DIO_voidSetPinDirection+0x1fe>
			break;
			case PORTD:
			SET_BIT(DDRD_REG,PinID);
    18be:	a1 e3       	ldi	r26, 0x31	; 49
    18c0:	b0 e0       	ldi	r27, 0x00	; 0
    18c2:	e1 e3       	ldi	r30, 0x31	; 49
    18c4:	f0 e0       	ldi	r31, 0x00	; 0
    18c6:	80 81       	ld	r24, Z
    18c8:	48 2f       	mov	r20, r24
    18ca:	8a 81       	ldd	r24, Y+2	; 0x02
    18cc:	28 2f       	mov	r18, r24
    18ce:	30 e0       	ldi	r19, 0x00	; 0
    18d0:	81 e0       	ldi	r24, 0x01	; 1
    18d2:	90 e0       	ldi	r25, 0x00	; 0
    18d4:	02 2e       	mov	r0, r18
    18d6:	02 c0       	rjmp	.+4      	; 0x18dc <DIO_voidSetPinDirection+0x106>
    18d8:	88 0f       	add	r24, r24
    18da:	99 1f       	adc	r25, r25
    18dc:	0a 94       	dec	r0
    18de:	e2 f7       	brpl	.-8      	; 0x18d8 <DIO_voidSetPinDirection+0x102>
    18e0:	84 2b       	or	r24, r20
    18e2:	8c 93       	st	X, r24
    18e4:	77 c0       	rjmp	.+238    	; 0x19d4 <DIO_voidSetPinDirection+0x1fe>
			break;
			}
		}
		else if(Direction==INPUT)
    18e6:	8b 81       	ldd	r24, Y+3	; 0x03
    18e8:	88 23       	and	r24, r24
    18ea:	09 f0       	breq	.+2      	; 0x18ee <DIO_voidSetPinDirection+0x118>
    18ec:	73 c0       	rjmp	.+230    	; 0x19d4 <DIO_voidSetPinDirection+0x1fe>
		{
			switch(PortID)
    18ee:	89 81       	ldd	r24, Y+1	; 0x01
    18f0:	28 2f       	mov	r18, r24
    18f2:	30 e0       	ldi	r19, 0x00	; 0
    18f4:	3d 83       	std	Y+5, r19	; 0x05
    18f6:	2c 83       	std	Y+4, r18	; 0x04
    18f8:	8c 81       	ldd	r24, Y+4	; 0x04
    18fa:	9d 81       	ldd	r25, Y+5	; 0x05
    18fc:	81 30       	cpi	r24, 0x01	; 1
    18fe:	91 05       	cpc	r25, r1
    1900:	59 f1       	breq	.+86     	; 0x1958 <DIO_voidSetPinDirection+0x182>
    1902:	2c 81       	ldd	r18, Y+4	; 0x04
    1904:	3d 81       	ldd	r19, Y+5	; 0x05
    1906:	22 30       	cpi	r18, 0x02	; 2
    1908:	31 05       	cpc	r19, r1
    190a:	2c f4       	brge	.+10     	; 0x1916 <DIO_voidSetPinDirection+0x140>
    190c:	8c 81       	ldd	r24, Y+4	; 0x04
    190e:	9d 81       	ldd	r25, Y+5	; 0x05
    1910:	00 97       	sbiw	r24, 0x00	; 0
    1912:	69 f0       	breq	.+26     	; 0x192e <DIO_voidSetPinDirection+0x158>
    1914:	5f c0       	rjmp	.+190    	; 0x19d4 <DIO_voidSetPinDirection+0x1fe>
    1916:	2c 81       	ldd	r18, Y+4	; 0x04
    1918:	3d 81       	ldd	r19, Y+5	; 0x05
    191a:	22 30       	cpi	r18, 0x02	; 2
    191c:	31 05       	cpc	r19, r1
    191e:	89 f1       	breq	.+98     	; 0x1982 <DIO_voidSetPinDirection+0x1ac>
    1920:	8c 81       	ldd	r24, Y+4	; 0x04
    1922:	9d 81       	ldd	r25, Y+5	; 0x05
    1924:	83 30       	cpi	r24, 0x03	; 3
    1926:	91 05       	cpc	r25, r1
    1928:	09 f4       	brne	.+2      	; 0x192c <DIO_voidSetPinDirection+0x156>
    192a:	40 c0       	rjmp	.+128    	; 0x19ac <DIO_voidSetPinDirection+0x1d6>
    192c:	53 c0       	rjmp	.+166    	; 0x19d4 <DIO_voidSetPinDirection+0x1fe>
			{
			case PORTA:
			CLR_BIT(DDRA_REG,PinID);
    192e:	aa e3       	ldi	r26, 0x3A	; 58
    1930:	b0 e0       	ldi	r27, 0x00	; 0
    1932:	ea e3       	ldi	r30, 0x3A	; 58
    1934:	f0 e0       	ldi	r31, 0x00	; 0
    1936:	80 81       	ld	r24, Z
    1938:	48 2f       	mov	r20, r24
    193a:	8a 81       	ldd	r24, Y+2	; 0x02
    193c:	28 2f       	mov	r18, r24
    193e:	30 e0       	ldi	r19, 0x00	; 0
    1940:	81 e0       	ldi	r24, 0x01	; 1
    1942:	90 e0       	ldi	r25, 0x00	; 0
    1944:	02 2e       	mov	r0, r18
    1946:	02 c0       	rjmp	.+4      	; 0x194c <DIO_voidSetPinDirection+0x176>
    1948:	88 0f       	add	r24, r24
    194a:	99 1f       	adc	r25, r25
    194c:	0a 94       	dec	r0
    194e:	e2 f7       	brpl	.-8      	; 0x1948 <DIO_voidSetPinDirection+0x172>
    1950:	80 95       	com	r24
    1952:	84 23       	and	r24, r20
    1954:	8c 93       	st	X, r24
    1956:	3e c0       	rjmp	.+124    	; 0x19d4 <DIO_voidSetPinDirection+0x1fe>
			break;
			case PORTB:
			CLR_BIT(DDRB_REG,PinID);
    1958:	a7 e3       	ldi	r26, 0x37	; 55
    195a:	b0 e0       	ldi	r27, 0x00	; 0
    195c:	e7 e3       	ldi	r30, 0x37	; 55
    195e:	f0 e0       	ldi	r31, 0x00	; 0
    1960:	80 81       	ld	r24, Z
    1962:	48 2f       	mov	r20, r24
    1964:	8a 81       	ldd	r24, Y+2	; 0x02
    1966:	28 2f       	mov	r18, r24
    1968:	30 e0       	ldi	r19, 0x00	; 0
    196a:	81 e0       	ldi	r24, 0x01	; 1
    196c:	90 e0       	ldi	r25, 0x00	; 0
    196e:	02 2e       	mov	r0, r18
    1970:	02 c0       	rjmp	.+4      	; 0x1976 <DIO_voidSetPinDirection+0x1a0>
    1972:	88 0f       	add	r24, r24
    1974:	99 1f       	adc	r25, r25
    1976:	0a 94       	dec	r0
    1978:	e2 f7       	brpl	.-8      	; 0x1972 <DIO_voidSetPinDirection+0x19c>
    197a:	80 95       	com	r24
    197c:	84 23       	and	r24, r20
    197e:	8c 93       	st	X, r24
    1980:	29 c0       	rjmp	.+82     	; 0x19d4 <DIO_voidSetPinDirection+0x1fe>
			break;
			case PORTC:
			CLR_BIT(DDRC_REG,PinID);
    1982:	a4 e3       	ldi	r26, 0x34	; 52
    1984:	b0 e0       	ldi	r27, 0x00	; 0
    1986:	e4 e3       	ldi	r30, 0x34	; 52
    1988:	f0 e0       	ldi	r31, 0x00	; 0
    198a:	80 81       	ld	r24, Z
    198c:	48 2f       	mov	r20, r24
    198e:	8a 81       	ldd	r24, Y+2	; 0x02
    1990:	28 2f       	mov	r18, r24
    1992:	30 e0       	ldi	r19, 0x00	; 0
    1994:	81 e0       	ldi	r24, 0x01	; 1
    1996:	90 e0       	ldi	r25, 0x00	; 0
    1998:	02 2e       	mov	r0, r18
    199a:	02 c0       	rjmp	.+4      	; 0x19a0 <DIO_voidSetPinDirection+0x1ca>
    199c:	88 0f       	add	r24, r24
    199e:	99 1f       	adc	r25, r25
    19a0:	0a 94       	dec	r0
    19a2:	e2 f7       	brpl	.-8      	; 0x199c <DIO_voidSetPinDirection+0x1c6>
    19a4:	80 95       	com	r24
    19a6:	84 23       	and	r24, r20
    19a8:	8c 93       	st	X, r24
    19aa:	14 c0       	rjmp	.+40     	; 0x19d4 <DIO_voidSetPinDirection+0x1fe>
		     break;
			case PORTD:
			CLR_BIT(DDRD_REG,PinID);
    19ac:	a1 e3       	ldi	r26, 0x31	; 49
    19ae:	b0 e0       	ldi	r27, 0x00	; 0
    19b0:	e1 e3       	ldi	r30, 0x31	; 49
    19b2:	f0 e0       	ldi	r31, 0x00	; 0
    19b4:	80 81       	ld	r24, Z
    19b6:	48 2f       	mov	r20, r24
    19b8:	8a 81       	ldd	r24, Y+2	; 0x02
    19ba:	28 2f       	mov	r18, r24
    19bc:	30 e0       	ldi	r19, 0x00	; 0
    19be:	81 e0       	ldi	r24, 0x01	; 1
    19c0:	90 e0       	ldi	r25, 0x00	; 0
    19c2:	02 2e       	mov	r0, r18
    19c4:	02 c0       	rjmp	.+4      	; 0x19ca <DIO_voidSetPinDirection+0x1f4>
    19c6:	88 0f       	add	r24, r24
    19c8:	99 1f       	adc	r25, r25
    19ca:	0a 94       	dec	r0
    19cc:	e2 f7       	brpl	.-8      	; 0x19c6 <DIO_voidSetPinDirection+0x1f0>
    19ce:	80 95       	com	r24
    19d0:	84 23       	and	r24, r20
    19d2:	8c 93       	st	X, r24
		else
		{
			/*no comment*/
		}
	}
}
    19d4:	27 96       	adiw	r28, 0x07	; 7
    19d6:	0f b6       	in	r0, 0x3f	; 63
    19d8:	f8 94       	cli
    19da:	de bf       	out	0x3e, r29	; 62
    19dc:	0f be       	out	0x3f, r0	; 63
    19de:	cd bf       	out	0x3d, r28	; 61
    19e0:	cf 91       	pop	r28
    19e2:	df 91       	pop	r29
    19e4:	08 95       	ret

000019e6 <DIO_voidSetPinValue>:
#define CONC_BIT(b7,b6,b5,b4,b3,b2,b1,b0) CONC_HELP(b7,b6,b5,b4,b3,b2,b1,b0)
#define CONC_HELP(b7,b6,b5,b4,b3,b2,b1,b0) 0b##b7##b6##b5##b4##b3##b2##b1##b0


void DIO_voidSetPinValue(u8 PortID, u8 PinID, u8 Value)
{
    19e6:	df 93       	push	r29
    19e8:	cf 93       	push	r28
    19ea:	cd b7       	in	r28, 0x3d	; 61
    19ec:	de b7       	in	r29, 0x3e	; 62
    19ee:	27 97       	sbiw	r28, 0x07	; 7
    19f0:	0f b6       	in	r0, 0x3f	; 63
    19f2:	f8 94       	cli
    19f4:	de bf       	out	0x3e, r29	; 62
    19f6:	0f be       	out	0x3f, r0	; 63
    19f8:	cd bf       	out	0x3d, r28	; 61
    19fa:	89 83       	std	Y+1, r24	; 0x01
    19fc:	6a 83       	std	Y+2, r22	; 0x02
    19fe:	4b 83       	std	Y+3, r20	; 0x03
	if(PortID<4 && PinID<8)
    1a00:	89 81       	ldd	r24, Y+1	; 0x01
    1a02:	84 30       	cpi	r24, 0x04	; 4
    1a04:	08 f0       	brcs	.+2      	; 0x1a08 <DIO_voidSetPinValue+0x22>
    1a06:	ee c0       	rjmp	.+476    	; 0x1be4 <DIO_voidSetPinValue+0x1fe>
    1a08:	8a 81       	ldd	r24, Y+2	; 0x02
    1a0a:	88 30       	cpi	r24, 0x08	; 8
    1a0c:	08 f0       	brcs	.+2      	; 0x1a10 <DIO_voidSetPinValue+0x2a>
    1a0e:	ea c0       	rjmp	.+468    	; 0x1be4 <DIO_voidSetPinValue+0x1fe>
	{
		if(Value==HIGH)
    1a10:	8b 81       	ldd	r24, Y+3	; 0x03
    1a12:	81 30       	cpi	r24, 0x01	; 1
    1a14:	09 f0       	breq	.+2      	; 0x1a18 <DIO_voidSetPinValue+0x32>
    1a16:	6f c0       	rjmp	.+222    	; 0x1af6 <DIO_voidSetPinValue+0x110>
		{
			switch(PortID)
    1a18:	89 81       	ldd	r24, Y+1	; 0x01
    1a1a:	28 2f       	mov	r18, r24
    1a1c:	30 e0       	ldi	r19, 0x00	; 0
    1a1e:	3f 83       	std	Y+7, r19	; 0x07
    1a20:	2e 83       	std	Y+6, r18	; 0x06
    1a22:	8e 81       	ldd	r24, Y+6	; 0x06
    1a24:	9f 81       	ldd	r25, Y+7	; 0x07
    1a26:	81 30       	cpi	r24, 0x01	; 1
    1a28:	91 05       	cpc	r25, r1
    1a2a:	49 f1       	breq	.+82     	; 0x1a7e <DIO_voidSetPinValue+0x98>
    1a2c:	2e 81       	ldd	r18, Y+6	; 0x06
    1a2e:	3f 81       	ldd	r19, Y+7	; 0x07
    1a30:	22 30       	cpi	r18, 0x02	; 2
    1a32:	31 05       	cpc	r19, r1
    1a34:	2c f4       	brge	.+10     	; 0x1a40 <DIO_voidSetPinValue+0x5a>
    1a36:	8e 81       	ldd	r24, Y+6	; 0x06
    1a38:	9f 81       	ldd	r25, Y+7	; 0x07
    1a3a:	00 97       	sbiw	r24, 0x00	; 0
    1a3c:	61 f0       	breq	.+24     	; 0x1a56 <DIO_voidSetPinValue+0x70>
    1a3e:	d2 c0       	rjmp	.+420    	; 0x1be4 <DIO_voidSetPinValue+0x1fe>
    1a40:	2e 81       	ldd	r18, Y+6	; 0x06
    1a42:	3f 81       	ldd	r19, Y+7	; 0x07
    1a44:	22 30       	cpi	r18, 0x02	; 2
    1a46:	31 05       	cpc	r19, r1
    1a48:	71 f1       	breq	.+92     	; 0x1aa6 <DIO_voidSetPinValue+0xc0>
    1a4a:	8e 81       	ldd	r24, Y+6	; 0x06
    1a4c:	9f 81       	ldd	r25, Y+7	; 0x07
    1a4e:	83 30       	cpi	r24, 0x03	; 3
    1a50:	91 05       	cpc	r25, r1
    1a52:	e9 f1       	breq	.+122    	; 0x1ace <DIO_voidSetPinValue+0xe8>
    1a54:	c7 c0       	rjmp	.+398    	; 0x1be4 <DIO_voidSetPinValue+0x1fe>
			{
			case PORTA:
			SET_BIT(PORTA_REG,PinID);
    1a56:	ab e3       	ldi	r26, 0x3B	; 59
    1a58:	b0 e0       	ldi	r27, 0x00	; 0
    1a5a:	eb e3       	ldi	r30, 0x3B	; 59
    1a5c:	f0 e0       	ldi	r31, 0x00	; 0
    1a5e:	80 81       	ld	r24, Z
    1a60:	48 2f       	mov	r20, r24
    1a62:	8a 81       	ldd	r24, Y+2	; 0x02
    1a64:	28 2f       	mov	r18, r24
    1a66:	30 e0       	ldi	r19, 0x00	; 0
    1a68:	81 e0       	ldi	r24, 0x01	; 1
    1a6a:	90 e0       	ldi	r25, 0x00	; 0
    1a6c:	02 2e       	mov	r0, r18
    1a6e:	02 c0       	rjmp	.+4      	; 0x1a74 <DIO_voidSetPinValue+0x8e>
    1a70:	88 0f       	add	r24, r24
    1a72:	99 1f       	adc	r25, r25
    1a74:	0a 94       	dec	r0
    1a76:	e2 f7       	brpl	.-8      	; 0x1a70 <DIO_voidSetPinValue+0x8a>
    1a78:	84 2b       	or	r24, r20
    1a7a:	8c 93       	st	X, r24
    1a7c:	b3 c0       	rjmp	.+358    	; 0x1be4 <DIO_voidSetPinValue+0x1fe>
			break;
			case PORTB:
			SET_BIT(PORTB_REG,PinID);
    1a7e:	a8 e3       	ldi	r26, 0x38	; 56
    1a80:	b0 e0       	ldi	r27, 0x00	; 0
    1a82:	e8 e3       	ldi	r30, 0x38	; 56
    1a84:	f0 e0       	ldi	r31, 0x00	; 0
    1a86:	80 81       	ld	r24, Z
    1a88:	48 2f       	mov	r20, r24
    1a8a:	8a 81       	ldd	r24, Y+2	; 0x02
    1a8c:	28 2f       	mov	r18, r24
    1a8e:	30 e0       	ldi	r19, 0x00	; 0
    1a90:	81 e0       	ldi	r24, 0x01	; 1
    1a92:	90 e0       	ldi	r25, 0x00	; 0
    1a94:	02 2e       	mov	r0, r18
    1a96:	02 c0       	rjmp	.+4      	; 0x1a9c <DIO_voidSetPinValue+0xb6>
    1a98:	88 0f       	add	r24, r24
    1a9a:	99 1f       	adc	r25, r25
    1a9c:	0a 94       	dec	r0
    1a9e:	e2 f7       	brpl	.-8      	; 0x1a98 <DIO_voidSetPinValue+0xb2>
    1aa0:	84 2b       	or	r24, r20
    1aa2:	8c 93       	st	X, r24
    1aa4:	9f c0       	rjmp	.+318    	; 0x1be4 <DIO_voidSetPinValue+0x1fe>
			break;
			case PORTC:
			SET_BIT(PORTC_REG,PinID);
    1aa6:	a5 e3       	ldi	r26, 0x35	; 53
    1aa8:	b0 e0       	ldi	r27, 0x00	; 0
    1aaa:	e5 e3       	ldi	r30, 0x35	; 53
    1aac:	f0 e0       	ldi	r31, 0x00	; 0
    1aae:	80 81       	ld	r24, Z
    1ab0:	48 2f       	mov	r20, r24
    1ab2:	8a 81       	ldd	r24, Y+2	; 0x02
    1ab4:	28 2f       	mov	r18, r24
    1ab6:	30 e0       	ldi	r19, 0x00	; 0
    1ab8:	81 e0       	ldi	r24, 0x01	; 1
    1aba:	90 e0       	ldi	r25, 0x00	; 0
    1abc:	02 2e       	mov	r0, r18
    1abe:	02 c0       	rjmp	.+4      	; 0x1ac4 <DIO_voidSetPinValue+0xde>
    1ac0:	88 0f       	add	r24, r24
    1ac2:	99 1f       	adc	r25, r25
    1ac4:	0a 94       	dec	r0
    1ac6:	e2 f7       	brpl	.-8      	; 0x1ac0 <DIO_voidSetPinValue+0xda>
    1ac8:	84 2b       	or	r24, r20
    1aca:	8c 93       	st	X, r24
    1acc:	8b c0       	rjmp	.+278    	; 0x1be4 <DIO_voidSetPinValue+0x1fe>
			break;
			case PORTD:
			SET_BIT(PORTD_REG,PinID);
    1ace:	a2 e3       	ldi	r26, 0x32	; 50
    1ad0:	b0 e0       	ldi	r27, 0x00	; 0
    1ad2:	e2 e3       	ldi	r30, 0x32	; 50
    1ad4:	f0 e0       	ldi	r31, 0x00	; 0
    1ad6:	80 81       	ld	r24, Z
    1ad8:	48 2f       	mov	r20, r24
    1ada:	8a 81       	ldd	r24, Y+2	; 0x02
    1adc:	28 2f       	mov	r18, r24
    1ade:	30 e0       	ldi	r19, 0x00	; 0
    1ae0:	81 e0       	ldi	r24, 0x01	; 1
    1ae2:	90 e0       	ldi	r25, 0x00	; 0
    1ae4:	02 2e       	mov	r0, r18
    1ae6:	02 c0       	rjmp	.+4      	; 0x1aec <DIO_voidSetPinValue+0x106>
    1ae8:	88 0f       	add	r24, r24
    1aea:	99 1f       	adc	r25, r25
    1aec:	0a 94       	dec	r0
    1aee:	e2 f7       	brpl	.-8      	; 0x1ae8 <DIO_voidSetPinValue+0x102>
    1af0:	84 2b       	or	r24, r20
    1af2:	8c 93       	st	X, r24
    1af4:	77 c0       	rjmp	.+238    	; 0x1be4 <DIO_voidSetPinValue+0x1fe>
			break;
			}
		}
		else if(Value==LOW)
    1af6:	8b 81       	ldd	r24, Y+3	; 0x03
    1af8:	88 23       	and	r24, r24
    1afa:	09 f0       	breq	.+2      	; 0x1afe <DIO_voidSetPinValue+0x118>
    1afc:	73 c0       	rjmp	.+230    	; 0x1be4 <DIO_voidSetPinValue+0x1fe>
		{
			switch(PortID)
    1afe:	89 81       	ldd	r24, Y+1	; 0x01
    1b00:	28 2f       	mov	r18, r24
    1b02:	30 e0       	ldi	r19, 0x00	; 0
    1b04:	3d 83       	std	Y+5, r19	; 0x05
    1b06:	2c 83       	std	Y+4, r18	; 0x04
    1b08:	8c 81       	ldd	r24, Y+4	; 0x04
    1b0a:	9d 81       	ldd	r25, Y+5	; 0x05
    1b0c:	81 30       	cpi	r24, 0x01	; 1
    1b0e:	91 05       	cpc	r25, r1
    1b10:	59 f1       	breq	.+86     	; 0x1b68 <DIO_voidSetPinValue+0x182>
    1b12:	2c 81       	ldd	r18, Y+4	; 0x04
    1b14:	3d 81       	ldd	r19, Y+5	; 0x05
    1b16:	22 30       	cpi	r18, 0x02	; 2
    1b18:	31 05       	cpc	r19, r1
    1b1a:	2c f4       	brge	.+10     	; 0x1b26 <DIO_voidSetPinValue+0x140>
    1b1c:	8c 81       	ldd	r24, Y+4	; 0x04
    1b1e:	9d 81       	ldd	r25, Y+5	; 0x05
    1b20:	00 97       	sbiw	r24, 0x00	; 0
    1b22:	69 f0       	breq	.+26     	; 0x1b3e <DIO_voidSetPinValue+0x158>
    1b24:	5f c0       	rjmp	.+190    	; 0x1be4 <DIO_voidSetPinValue+0x1fe>
    1b26:	2c 81       	ldd	r18, Y+4	; 0x04
    1b28:	3d 81       	ldd	r19, Y+5	; 0x05
    1b2a:	22 30       	cpi	r18, 0x02	; 2
    1b2c:	31 05       	cpc	r19, r1
    1b2e:	89 f1       	breq	.+98     	; 0x1b92 <DIO_voidSetPinValue+0x1ac>
    1b30:	8c 81       	ldd	r24, Y+4	; 0x04
    1b32:	9d 81       	ldd	r25, Y+5	; 0x05
    1b34:	83 30       	cpi	r24, 0x03	; 3
    1b36:	91 05       	cpc	r25, r1
    1b38:	09 f4       	brne	.+2      	; 0x1b3c <DIO_voidSetPinValue+0x156>
    1b3a:	40 c0       	rjmp	.+128    	; 0x1bbc <DIO_voidSetPinValue+0x1d6>
    1b3c:	53 c0       	rjmp	.+166    	; 0x1be4 <DIO_voidSetPinValue+0x1fe>
			{
			case PORTA:
			CLR_BIT(PORTA_REG,PinID);
    1b3e:	ab e3       	ldi	r26, 0x3B	; 59
    1b40:	b0 e0       	ldi	r27, 0x00	; 0
    1b42:	eb e3       	ldi	r30, 0x3B	; 59
    1b44:	f0 e0       	ldi	r31, 0x00	; 0
    1b46:	80 81       	ld	r24, Z
    1b48:	48 2f       	mov	r20, r24
    1b4a:	8a 81       	ldd	r24, Y+2	; 0x02
    1b4c:	28 2f       	mov	r18, r24
    1b4e:	30 e0       	ldi	r19, 0x00	; 0
    1b50:	81 e0       	ldi	r24, 0x01	; 1
    1b52:	90 e0       	ldi	r25, 0x00	; 0
    1b54:	02 2e       	mov	r0, r18
    1b56:	02 c0       	rjmp	.+4      	; 0x1b5c <DIO_voidSetPinValue+0x176>
    1b58:	88 0f       	add	r24, r24
    1b5a:	99 1f       	adc	r25, r25
    1b5c:	0a 94       	dec	r0
    1b5e:	e2 f7       	brpl	.-8      	; 0x1b58 <DIO_voidSetPinValue+0x172>
    1b60:	80 95       	com	r24
    1b62:	84 23       	and	r24, r20
    1b64:	8c 93       	st	X, r24
    1b66:	3e c0       	rjmp	.+124    	; 0x1be4 <DIO_voidSetPinValue+0x1fe>
			break;
			case PORTB:
			CLR_BIT(PORTB_REG,PinID);
    1b68:	a8 e3       	ldi	r26, 0x38	; 56
    1b6a:	b0 e0       	ldi	r27, 0x00	; 0
    1b6c:	e8 e3       	ldi	r30, 0x38	; 56
    1b6e:	f0 e0       	ldi	r31, 0x00	; 0
    1b70:	80 81       	ld	r24, Z
    1b72:	48 2f       	mov	r20, r24
    1b74:	8a 81       	ldd	r24, Y+2	; 0x02
    1b76:	28 2f       	mov	r18, r24
    1b78:	30 e0       	ldi	r19, 0x00	; 0
    1b7a:	81 e0       	ldi	r24, 0x01	; 1
    1b7c:	90 e0       	ldi	r25, 0x00	; 0
    1b7e:	02 2e       	mov	r0, r18
    1b80:	02 c0       	rjmp	.+4      	; 0x1b86 <DIO_voidSetPinValue+0x1a0>
    1b82:	88 0f       	add	r24, r24
    1b84:	99 1f       	adc	r25, r25
    1b86:	0a 94       	dec	r0
    1b88:	e2 f7       	brpl	.-8      	; 0x1b82 <DIO_voidSetPinValue+0x19c>
    1b8a:	80 95       	com	r24
    1b8c:	84 23       	and	r24, r20
    1b8e:	8c 93       	st	X, r24
    1b90:	29 c0       	rjmp	.+82     	; 0x1be4 <DIO_voidSetPinValue+0x1fe>
			break;
			case PORTC:
			CLR_BIT(PORTC_REG,PinID);
    1b92:	a5 e3       	ldi	r26, 0x35	; 53
    1b94:	b0 e0       	ldi	r27, 0x00	; 0
    1b96:	e5 e3       	ldi	r30, 0x35	; 53
    1b98:	f0 e0       	ldi	r31, 0x00	; 0
    1b9a:	80 81       	ld	r24, Z
    1b9c:	48 2f       	mov	r20, r24
    1b9e:	8a 81       	ldd	r24, Y+2	; 0x02
    1ba0:	28 2f       	mov	r18, r24
    1ba2:	30 e0       	ldi	r19, 0x00	; 0
    1ba4:	81 e0       	ldi	r24, 0x01	; 1
    1ba6:	90 e0       	ldi	r25, 0x00	; 0
    1ba8:	02 2e       	mov	r0, r18
    1baa:	02 c0       	rjmp	.+4      	; 0x1bb0 <DIO_voidSetPinValue+0x1ca>
    1bac:	88 0f       	add	r24, r24
    1bae:	99 1f       	adc	r25, r25
    1bb0:	0a 94       	dec	r0
    1bb2:	e2 f7       	brpl	.-8      	; 0x1bac <DIO_voidSetPinValue+0x1c6>
    1bb4:	80 95       	com	r24
    1bb6:	84 23       	and	r24, r20
    1bb8:	8c 93       	st	X, r24
    1bba:	14 c0       	rjmp	.+40     	; 0x1be4 <DIO_voidSetPinValue+0x1fe>
		     break;
			case PORTD:
			CLR_BIT(PORTD_REG,PinID);
    1bbc:	a2 e3       	ldi	r26, 0x32	; 50
    1bbe:	b0 e0       	ldi	r27, 0x00	; 0
    1bc0:	e2 e3       	ldi	r30, 0x32	; 50
    1bc2:	f0 e0       	ldi	r31, 0x00	; 0
    1bc4:	80 81       	ld	r24, Z
    1bc6:	48 2f       	mov	r20, r24
    1bc8:	8a 81       	ldd	r24, Y+2	; 0x02
    1bca:	28 2f       	mov	r18, r24
    1bcc:	30 e0       	ldi	r19, 0x00	; 0
    1bce:	81 e0       	ldi	r24, 0x01	; 1
    1bd0:	90 e0       	ldi	r25, 0x00	; 0
    1bd2:	02 2e       	mov	r0, r18
    1bd4:	02 c0       	rjmp	.+4      	; 0x1bda <DIO_voidSetPinValue+0x1f4>
    1bd6:	88 0f       	add	r24, r24
    1bd8:	99 1f       	adc	r25, r25
    1bda:	0a 94       	dec	r0
    1bdc:	e2 f7       	brpl	.-8      	; 0x1bd6 <DIO_voidSetPinValue+0x1f0>
    1bde:	80 95       	com	r24
    1be0:	84 23       	and	r24, r20
    1be2:	8c 93       	st	X, r24
			break;
			}
		}
	}
}
    1be4:	27 96       	adiw	r28, 0x07	; 7
    1be6:	0f b6       	in	r0, 0x3f	; 63
    1be8:	f8 94       	cli
    1bea:	de bf       	out	0x3e, r29	; 62
    1bec:	0f be       	out	0x3f, r0	; 63
    1bee:	cd bf       	out	0x3d, r28	; 61
    1bf0:	cf 91       	pop	r28
    1bf2:	df 91       	pop	r29
    1bf4:	08 95       	ret

00001bf6 <DIO_u8GetPinValue>:
u8 DIO_u8GetPinValue(u8 PortID, u8 PinID)
{
    1bf6:	df 93       	push	r29
    1bf8:	cf 93       	push	r28
    1bfa:	00 d0       	rcall	.+0      	; 0x1bfc <DIO_u8GetPinValue+0x6>
    1bfc:	00 d0       	rcall	.+0      	; 0x1bfe <DIO_u8GetPinValue+0x8>
    1bfe:	0f 92       	push	r0
    1c00:	cd b7       	in	r28, 0x3d	; 61
    1c02:	de b7       	in	r29, 0x3e	; 62
    1c04:	8a 83       	std	Y+2, r24	; 0x02
    1c06:	6b 83       	std	Y+3, r22	; 0x03
    u8 Local_u8PinValue = 0;
    1c08:	19 82       	std	Y+1, r1	; 0x01
    if(PortID<4 && PinID<8)
    1c0a:	8a 81       	ldd	r24, Y+2	; 0x02
    1c0c:	84 30       	cpi	r24, 0x04	; 4
    1c0e:	08 f0       	brcs	.+2      	; 0x1c12 <DIO_u8GetPinValue+0x1c>
    1c10:	6b c0       	rjmp	.+214    	; 0x1ce8 <DIO_u8GetPinValue+0xf2>
    1c12:	8b 81       	ldd	r24, Y+3	; 0x03
    1c14:	88 30       	cpi	r24, 0x08	; 8
    1c16:	08 f0       	brcs	.+2      	; 0x1c1a <DIO_u8GetPinValue+0x24>
    1c18:	67 c0       	rjmp	.+206    	; 0x1ce8 <DIO_u8GetPinValue+0xf2>
    {
    switch(PortID)
    1c1a:	8a 81       	ldd	r24, Y+2	; 0x02
    1c1c:	28 2f       	mov	r18, r24
    1c1e:	30 e0       	ldi	r19, 0x00	; 0
    1c20:	3d 83       	std	Y+5, r19	; 0x05
    1c22:	2c 83       	std	Y+4, r18	; 0x04
    1c24:	4c 81       	ldd	r20, Y+4	; 0x04
    1c26:	5d 81       	ldd	r21, Y+5	; 0x05
    1c28:	41 30       	cpi	r20, 0x01	; 1
    1c2a:	51 05       	cpc	r21, r1
    1c2c:	41 f1       	breq	.+80     	; 0x1c7e <DIO_u8GetPinValue+0x88>
    1c2e:	8c 81       	ldd	r24, Y+4	; 0x04
    1c30:	9d 81       	ldd	r25, Y+5	; 0x05
    1c32:	82 30       	cpi	r24, 0x02	; 2
    1c34:	91 05       	cpc	r25, r1
    1c36:	34 f4       	brge	.+12     	; 0x1c44 <DIO_u8GetPinValue+0x4e>
    1c38:	2c 81       	ldd	r18, Y+4	; 0x04
    1c3a:	3d 81       	ldd	r19, Y+5	; 0x05
    1c3c:	21 15       	cp	r18, r1
    1c3e:	31 05       	cpc	r19, r1
    1c40:	61 f0       	breq	.+24     	; 0x1c5a <DIO_u8GetPinValue+0x64>
    1c42:	52 c0       	rjmp	.+164    	; 0x1ce8 <DIO_u8GetPinValue+0xf2>
    1c44:	4c 81       	ldd	r20, Y+4	; 0x04
    1c46:	5d 81       	ldd	r21, Y+5	; 0x05
    1c48:	42 30       	cpi	r20, 0x02	; 2
    1c4a:	51 05       	cpc	r21, r1
    1c4c:	51 f1       	breq	.+84     	; 0x1ca2 <DIO_u8GetPinValue+0xac>
    1c4e:	8c 81       	ldd	r24, Y+4	; 0x04
    1c50:	9d 81       	ldd	r25, Y+5	; 0x05
    1c52:	83 30       	cpi	r24, 0x03	; 3
    1c54:	91 05       	cpc	r25, r1
    1c56:	b9 f1       	breq	.+110    	; 0x1cc6 <DIO_u8GetPinValue+0xd0>
    1c58:	47 c0       	rjmp	.+142    	; 0x1ce8 <DIO_u8GetPinValue+0xf2>
    {
        case PORTA:
        Local_u8PinValue = GET_BIT(PINA_REG, PinID);
    1c5a:	e9 e3       	ldi	r30, 0x39	; 57
    1c5c:	f0 e0       	ldi	r31, 0x00	; 0
    1c5e:	80 81       	ld	r24, Z
    1c60:	28 2f       	mov	r18, r24
    1c62:	30 e0       	ldi	r19, 0x00	; 0
    1c64:	8b 81       	ldd	r24, Y+3	; 0x03
    1c66:	88 2f       	mov	r24, r24
    1c68:	90 e0       	ldi	r25, 0x00	; 0
    1c6a:	a9 01       	movw	r20, r18
    1c6c:	02 c0       	rjmp	.+4      	; 0x1c72 <DIO_u8GetPinValue+0x7c>
    1c6e:	55 95       	asr	r21
    1c70:	47 95       	ror	r20
    1c72:	8a 95       	dec	r24
    1c74:	e2 f7       	brpl	.-8      	; 0x1c6e <DIO_u8GetPinValue+0x78>
    1c76:	ca 01       	movw	r24, r20
    1c78:	81 70       	andi	r24, 0x01	; 1
    1c7a:	89 83       	std	Y+1, r24	; 0x01
    1c7c:	35 c0       	rjmp	.+106    	; 0x1ce8 <DIO_u8GetPinValue+0xf2>
        break;

        case PORTB:
        Local_u8PinValue = GET_BIT(PINB_REG, PinID);
    1c7e:	e6 e3       	ldi	r30, 0x36	; 54
    1c80:	f0 e0       	ldi	r31, 0x00	; 0
    1c82:	80 81       	ld	r24, Z
    1c84:	28 2f       	mov	r18, r24
    1c86:	30 e0       	ldi	r19, 0x00	; 0
    1c88:	8b 81       	ldd	r24, Y+3	; 0x03
    1c8a:	88 2f       	mov	r24, r24
    1c8c:	90 e0       	ldi	r25, 0x00	; 0
    1c8e:	a9 01       	movw	r20, r18
    1c90:	02 c0       	rjmp	.+4      	; 0x1c96 <DIO_u8GetPinValue+0xa0>
    1c92:	55 95       	asr	r21
    1c94:	47 95       	ror	r20
    1c96:	8a 95       	dec	r24
    1c98:	e2 f7       	brpl	.-8      	; 0x1c92 <DIO_u8GetPinValue+0x9c>
    1c9a:	ca 01       	movw	r24, r20
    1c9c:	81 70       	andi	r24, 0x01	; 1
    1c9e:	89 83       	std	Y+1, r24	; 0x01
    1ca0:	23 c0       	rjmp	.+70     	; 0x1ce8 <DIO_u8GetPinValue+0xf2>
        break;

        case PORTC:
        Local_u8PinValue = GET_BIT(PINC_REG, PinID);
    1ca2:	e3 e3       	ldi	r30, 0x33	; 51
    1ca4:	f0 e0       	ldi	r31, 0x00	; 0
    1ca6:	80 81       	ld	r24, Z
    1ca8:	28 2f       	mov	r18, r24
    1caa:	30 e0       	ldi	r19, 0x00	; 0
    1cac:	8b 81       	ldd	r24, Y+3	; 0x03
    1cae:	88 2f       	mov	r24, r24
    1cb0:	90 e0       	ldi	r25, 0x00	; 0
    1cb2:	a9 01       	movw	r20, r18
    1cb4:	02 c0       	rjmp	.+4      	; 0x1cba <DIO_u8GetPinValue+0xc4>
    1cb6:	55 95       	asr	r21
    1cb8:	47 95       	ror	r20
    1cba:	8a 95       	dec	r24
    1cbc:	e2 f7       	brpl	.-8      	; 0x1cb6 <DIO_u8GetPinValue+0xc0>
    1cbe:	ca 01       	movw	r24, r20
    1cc0:	81 70       	andi	r24, 0x01	; 1
    1cc2:	89 83       	std	Y+1, r24	; 0x01
    1cc4:	11 c0       	rjmp	.+34     	; 0x1ce8 <DIO_u8GetPinValue+0xf2>
        break;

        case PORTD:
        Local_u8PinValue = GET_BIT(PIND_REG, PinID);
    1cc6:	e0 e3       	ldi	r30, 0x30	; 48
    1cc8:	f0 e0       	ldi	r31, 0x00	; 0
    1cca:	80 81       	ld	r24, Z
    1ccc:	28 2f       	mov	r18, r24
    1cce:	30 e0       	ldi	r19, 0x00	; 0
    1cd0:	8b 81       	ldd	r24, Y+3	; 0x03
    1cd2:	88 2f       	mov	r24, r24
    1cd4:	90 e0       	ldi	r25, 0x00	; 0
    1cd6:	a9 01       	movw	r20, r18
    1cd8:	02 c0       	rjmp	.+4      	; 0x1cde <DIO_u8GetPinValue+0xe8>
    1cda:	55 95       	asr	r21
    1cdc:	47 95       	ror	r20
    1cde:	8a 95       	dec	r24
    1ce0:	e2 f7       	brpl	.-8      	; 0x1cda <DIO_u8GetPinValue+0xe4>
    1ce2:	ca 01       	movw	r24, r20
    1ce4:	81 70       	andi	r24, 0x01	; 1
    1ce6:	89 83       	std	Y+1, r24	; 0x01
        break;
    }
    }
    return Local_u8PinValue;
    1ce8:	89 81       	ldd	r24, Y+1	; 0x01
}
    1cea:	0f 90       	pop	r0
    1cec:	0f 90       	pop	r0
    1cee:	0f 90       	pop	r0
    1cf0:	0f 90       	pop	r0
    1cf2:	0f 90       	pop	r0
    1cf4:	cf 91       	pop	r28
    1cf6:	df 91       	pop	r29
    1cf8:	08 95       	ret

00001cfa <DIO_voidTogglePin>:
void DIO_voidTogglePin(u8 PortID, u8 PinID)
{
    1cfa:	df 93       	push	r29
    1cfc:	cf 93       	push	r28
    1cfe:	00 d0       	rcall	.+0      	; 0x1d00 <DIO_voidTogglePin+0x6>
    1d00:	00 d0       	rcall	.+0      	; 0x1d02 <DIO_voidTogglePin+0x8>
    1d02:	cd b7       	in	r28, 0x3d	; 61
    1d04:	de b7       	in	r29, 0x3e	; 62
    1d06:	89 83       	std	Y+1, r24	; 0x01
    1d08:	6a 83       	std	Y+2, r22	; 0x02
	if(PortID<4 && PinID<8)
    1d0a:	89 81       	ldd	r24, Y+1	; 0x01
    1d0c:	84 30       	cpi	r24, 0x04	; 4
    1d0e:	08 f0       	brcs	.+2      	; 0x1d12 <DIO_voidTogglePin+0x18>
    1d10:	72 c0       	rjmp	.+228    	; 0x1df6 <DIO_voidTogglePin+0xfc>
    1d12:	8a 81       	ldd	r24, Y+2	; 0x02
    1d14:	88 30       	cpi	r24, 0x08	; 8
    1d16:	08 f0       	brcs	.+2      	; 0x1d1a <DIO_voidTogglePin+0x20>
    1d18:	6e c0       	rjmp	.+220    	; 0x1df6 <DIO_voidTogglePin+0xfc>
	{
    switch(PortID)
    1d1a:	89 81       	ldd	r24, Y+1	; 0x01
    1d1c:	28 2f       	mov	r18, r24
    1d1e:	30 e0       	ldi	r19, 0x00	; 0
    1d20:	3c 83       	std	Y+4, r19	; 0x04
    1d22:	2b 83       	std	Y+3, r18	; 0x03
    1d24:	8b 81       	ldd	r24, Y+3	; 0x03
    1d26:	9c 81       	ldd	r25, Y+4	; 0x04
    1d28:	81 30       	cpi	r24, 0x01	; 1
    1d2a:	91 05       	cpc	r25, r1
    1d2c:	49 f1       	breq	.+82     	; 0x1d80 <DIO_voidTogglePin+0x86>
    1d2e:	2b 81       	ldd	r18, Y+3	; 0x03
    1d30:	3c 81       	ldd	r19, Y+4	; 0x04
    1d32:	22 30       	cpi	r18, 0x02	; 2
    1d34:	31 05       	cpc	r19, r1
    1d36:	2c f4       	brge	.+10     	; 0x1d42 <DIO_voidTogglePin+0x48>
    1d38:	8b 81       	ldd	r24, Y+3	; 0x03
    1d3a:	9c 81       	ldd	r25, Y+4	; 0x04
    1d3c:	00 97       	sbiw	r24, 0x00	; 0
    1d3e:	61 f0       	breq	.+24     	; 0x1d58 <DIO_voidTogglePin+0x5e>
    1d40:	5a c0       	rjmp	.+180    	; 0x1df6 <DIO_voidTogglePin+0xfc>
    1d42:	2b 81       	ldd	r18, Y+3	; 0x03
    1d44:	3c 81       	ldd	r19, Y+4	; 0x04
    1d46:	22 30       	cpi	r18, 0x02	; 2
    1d48:	31 05       	cpc	r19, r1
    1d4a:	71 f1       	breq	.+92     	; 0x1da8 <DIO_voidTogglePin+0xae>
    1d4c:	8b 81       	ldd	r24, Y+3	; 0x03
    1d4e:	9c 81       	ldd	r25, Y+4	; 0x04
    1d50:	83 30       	cpi	r24, 0x03	; 3
    1d52:	91 05       	cpc	r25, r1
    1d54:	e9 f1       	breq	.+122    	; 0x1dd0 <DIO_voidTogglePin+0xd6>
    1d56:	4f c0       	rjmp	.+158    	; 0x1df6 <DIO_voidTogglePin+0xfc>
    {
        case PORTA:
        TOGGLE_BIT(PORTA_REG, PinID);
    1d58:	ab e3       	ldi	r26, 0x3B	; 59
    1d5a:	b0 e0       	ldi	r27, 0x00	; 0
    1d5c:	eb e3       	ldi	r30, 0x3B	; 59
    1d5e:	f0 e0       	ldi	r31, 0x00	; 0
    1d60:	80 81       	ld	r24, Z
    1d62:	48 2f       	mov	r20, r24
    1d64:	8a 81       	ldd	r24, Y+2	; 0x02
    1d66:	28 2f       	mov	r18, r24
    1d68:	30 e0       	ldi	r19, 0x00	; 0
    1d6a:	81 e0       	ldi	r24, 0x01	; 1
    1d6c:	90 e0       	ldi	r25, 0x00	; 0
    1d6e:	02 2e       	mov	r0, r18
    1d70:	02 c0       	rjmp	.+4      	; 0x1d76 <DIO_voidTogglePin+0x7c>
    1d72:	88 0f       	add	r24, r24
    1d74:	99 1f       	adc	r25, r25
    1d76:	0a 94       	dec	r0
    1d78:	e2 f7       	brpl	.-8      	; 0x1d72 <DIO_voidTogglePin+0x78>
    1d7a:	84 27       	eor	r24, r20
    1d7c:	8c 93       	st	X, r24
    1d7e:	3b c0       	rjmp	.+118    	; 0x1df6 <DIO_voidTogglePin+0xfc>
        break;

        case PORTB:
        TOGGLE_BIT(PORTB_REG, PinID);
    1d80:	a8 e3       	ldi	r26, 0x38	; 56
    1d82:	b0 e0       	ldi	r27, 0x00	; 0
    1d84:	e8 e3       	ldi	r30, 0x38	; 56
    1d86:	f0 e0       	ldi	r31, 0x00	; 0
    1d88:	80 81       	ld	r24, Z
    1d8a:	48 2f       	mov	r20, r24
    1d8c:	8a 81       	ldd	r24, Y+2	; 0x02
    1d8e:	28 2f       	mov	r18, r24
    1d90:	30 e0       	ldi	r19, 0x00	; 0
    1d92:	81 e0       	ldi	r24, 0x01	; 1
    1d94:	90 e0       	ldi	r25, 0x00	; 0
    1d96:	02 2e       	mov	r0, r18
    1d98:	02 c0       	rjmp	.+4      	; 0x1d9e <DIO_voidTogglePin+0xa4>
    1d9a:	88 0f       	add	r24, r24
    1d9c:	99 1f       	adc	r25, r25
    1d9e:	0a 94       	dec	r0
    1da0:	e2 f7       	brpl	.-8      	; 0x1d9a <DIO_voidTogglePin+0xa0>
    1da2:	84 27       	eor	r24, r20
    1da4:	8c 93       	st	X, r24
    1da6:	27 c0       	rjmp	.+78     	; 0x1df6 <DIO_voidTogglePin+0xfc>
        break;

        case PORTC:
        TOGGLE_BIT(PORTC_REG, PinID);
    1da8:	a5 e3       	ldi	r26, 0x35	; 53
    1daa:	b0 e0       	ldi	r27, 0x00	; 0
    1dac:	e5 e3       	ldi	r30, 0x35	; 53
    1dae:	f0 e0       	ldi	r31, 0x00	; 0
    1db0:	80 81       	ld	r24, Z
    1db2:	48 2f       	mov	r20, r24
    1db4:	8a 81       	ldd	r24, Y+2	; 0x02
    1db6:	28 2f       	mov	r18, r24
    1db8:	30 e0       	ldi	r19, 0x00	; 0
    1dba:	81 e0       	ldi	r24, 0x01	; 1
    1dbc:	90 e0       	ldi	r25, 0x00	; 0
    1dbe:	02 2e       	mov	r0, r18
    1dc0:	02 c0       	rjmp	.+4      	; 0x1dc6 <DIO_voidTogglePin+0xcc>
    1dc2:	88 0f       	add	r24, r24
    1dc4:	99 1f       	adc	r25, r25
    1dc6:	0a 94       	dec	r0
    1dc8:	e2 f7       	brpl	.-8      	; 0x1dc2 <DIO_voidTogglePin+0xc8>
    1dca:	84 27       	eor	r24, r20
    1dcc:	8c 93       	st	X, r24
    1dce:	13 c0       	rjmp	.+38     	; 0x1df6 <DIO_voidTogglePin+0xfc>
        break;

        case PORTD:
        TOGGLE_BIT(PORTD_REG, PinID);
    1dd0:	a2 e3       	ldi	r26, 0x32	; 50
    1dd2:	b0 e0       	ldi	r27, 0x00	; 0
    1dd4:	e2 e3       	ldi	r30, 0x32	; 50
    1dd6:	f0 e0       	ldi	r31, 0x00	; 0
    1dd8:	80 81       	ld	r24, Z
    1dda:	48 2f       	mov	r20, r24
    1ddc:	8a 81       	ldd	r24, Y+2	; 0x02
    1dde:	28 2f       	mov	r18, r24
    1de0:	30 e0       	ldi	r19, 0x00	; 0
    1de2:	81 e0       	ldi	r24, 0x01	; 1
    1de4:	90 e0       	ldi	r25, 0x00	; 0
    1de6:	02 2e       	mov	r0, r18
    1de8:	02 c0       	rjmp	.+4      	; 0x1dee <DIO_voidTogglePin+0xf4>
    1dea:	88 0f       	add	r24, r24
    1dec:	99 1f       	adc	r25, r25
    1dee:	0a 94       	dec	r0
    1df0:	e2 f7       	brpl	.-8      	; 0x1dea <DIO_voidTogglePin+0xf0>
    1df2:	84 27       	eor	r24, r20
    1df4:	8c 93       	st	X, r24
        break;
    }
    }
}
    1df6:	0f 90       	pop	r0
    1df8:	0f 90       	pop	r0
    1dfa:	0f 90       	pop	r0
    1dfc:	0f 90       	pop	r0
    1dfe:	cf 91       	pop	r28
    1e00:	df 91       	pop	r29
    1e02:	08 95       	ret

00001e04 <DIO_voidSetPortDirection>:
void DIO_voidSetPortDirection(u8 PortID, u8 Direction)
{
    1e04:	df 93       	push	r29
    1e06:	cf 93       	push	r28
    1e08:	00 d0       	rcall	.+0      	; 0x1e0a <DIO_voidSetPortDirection+0x6>
    1e0a:	00 d0       	rcall	.+0      	; 0x1e0c <DIO_voidSetPortDirection+0x8>
    1e0c:	cd b7       	in	r28, 0x3d	; 61
    1e0e:	de b7       	in	r29, 0x3e	; 62
    1e10:	89 83       	std	Y+1, r24	; 0x01
    1e12:	6a 83       	std	Y+2, r22	; 0x02
	if(PortID<4)
    1e14:	89 81       	ldd	r24, Y+1	; 0x01
    1e16:	84 30       	cpi	r24, 0x04	; 4
    1e18:	90 f5       	brcc	.+100    	; 0x1e7e <DIO_voidSetPortDirection+0x7a>
	{
    switch(PortID)
    1e1a:	89 81       	ldd	r24, Y+1	; 0x01
    1e1c:	28 2f       	mov	r18, r24
    1e1e:	30 e0       	ldi	r19, 0x00	; 0
    1e20:	3c 83       	std	Y+4, r19	; 0x04
    1e22:	2b 83       	std	Y+3, r18	; 0x03
    1e24:	8b 81       	ldd	r24, Y+3	; 0x03
    1e26:	9c 81       	ldd	r25, Y+4	; 0x04
    1e28:	81 30       	cpi	r24, 0x01	; 1
    1e2a:	91 05       	cpc	r25, r1
    1e2c:	d1 f0       	breq	.+52     	; 0x1e62 <DIO_voidSetPortDirection+0x5e>
    1e2e:	2b 81       	ldd	r18, Y+3	; 0x03
    1e30:	3c 81       	ldd	r19, Y+4	; 0x04
    1e32:	22 30       	cpi	r18, 0x02	; 2
    1e34:	31 05       	cpc	r19, r1
    1e36:	2c f4       	brge	.+10     	; 0x1e42 <DIO_voidSetPortDirection+0x3e>
    1e38:	8b 81       	ldd	r24, Y+3	; 0x03
    1e3a:	9c 81       	ldd	r25, Y+4	; 0x04
    1e3c:	00 97       	sbiw	r24, 0x00	; 0
    1e3e:	61 f0       	breq	.+24     	; 0x1e58 <DIO_voidSetPortDirection+0x54>
    1e40:	1e c0       	rjmp	.+60     	; 0x1e7e <DIO_voidSetPortDirection+0x7a>
    1e42:	2b 81       	ldd	r18, Y+3	; 0x03
    1e44:	3c 81       	ldd	r19, Y+4	; 0x04
    1e46:	22 30       	cpi	r18, 0x02	; 2
    1e48:	31 05       	cpc	r19, r1
    1e4a:	81 f0       	breq	.+32     	; 0x1e6c <DIO_voidSetPortDirection+0x68>
    1e4c:	8b 81       	ldd	r24, Y+3	; 0x03
    1e4e:	9c 81       	ldd	r25, Y+4	; 0x04
    1e50:	83 30       	cpi	r24, 0x03	; 3
    1e52:	91 05       	cpc	r25, r1
    1e54:	81 f0       	breq	.+32     	; 0x1e76 <DIO_voidSetPortDirection+0x72>
    1e56:	13 c0       	rjmp	.+38     	; 0x1e7e <DIO_voidSetPortDirection+0x7a>
    {
        case PORTA:
        DDRA_REG = Direction;
    1e58:	ea e3       	ldi	r30, 0x3A	; 58
    1e5a:	f0 e0       	ldi	r31, 0x00	; 0
    1e5c:	8a 81       	ldd	r24, Y+2	; 0x02
    1e5e:	80 83       	st	Z, r24
    1e60:	0e c0       	rjmp	.+28     	; 0x1e7e <DIO_voidSetPortDirection+0x7a>
        break;

        case PORTB:
        DDRB_REG = Direction;
    1e62:	e7 e3       	ldi	r30, 0x37	; 55
    1e64:	f0 e0       	ldi	r31, 0x00	; 0
    1e66:	8a 81       	ldd	r24, Y+2	; 0x02
    1e68:	80 83       	st	Z, r24
    1e6a:	09 c0       	rjmp	.+18     	; 0x1e7e <DIO_voidSetPortDirection+0x7a>
        break;

        case PORTC:
        DDRC_REG = Direction;
    1e6c:	e4 e3       	ldi	r30, 0x34	; 52
    1e6e:	f0 e0       	ldi	r31, 0x00	; 0
    1e70:	8a 81       	ldd	r24, Y+2	; 0x02
    1e72:	80 83       	st	Z, r24
    1e74:	04 c0       	rjmp	.+8      	; 0x1e7e <DIO_voidSetPortDirection+0x7a>
        break;

        case PORTD:
        DDRD_REG = Direction;
    1e76:	e1 e3       	ldi	r30, 0x31	; 49
    1e78:	f0 e0       	ldi	r31, 0x00	; 0
    1e7a:	8a 81       	ldd	r24, Y+2	; 0x02
    1e7c:	80 83       	st	Z, r24
        break;
    }
    }
}
    1e7e:	0f 90       	pop	r0
    1e80:	0f 90       	pop	r0
    1e82:	0f 90       	pop	r0
    1e84:	0f 90       	pop	r0
    1e86:	cf 91       	pop	r28
    1e88:	df 91       	pop	r29
    1e8a:	08 95       	ret

00001e8c <DIO_voidSetPortValue>:
void DIO_voidSetPortValue(u8 PortID, u8 Value)
{
    1e8c:	df 93       	push	r29
    1e8e:	cf 93       	push	r28
    1e90:	00 d0       	rcall	.+0      	; 0x1e92 <DIO_voidSetPortValue+0x6>
    1e92:	00 d0       	rcall	.+0      	; 0x1e94 <DIO_voidSetPortValue+0x8>
    1e94:	cd b7       	in	r28, 0x3d	; 61
    1e96:	de b7       	in	r29, 0x3e	; 62
    1e98:	89 83       	std	Y+1, r24	; 0x01
    1e9a:	6a 83       	std	Y+2, r22	; 0x02
	if(PortID<4)
    1e9c:	89 81       	ldd	r24, Y+1	; 0x01
    1e9e:	84 30       	cpi	r24, 0x04	; 4
    1ea0:	90 f5       	brcc	.+100    	; 0x1f06 <DIO_voidSetPortValue+0x7a>
	{
    switch(PortID)
    1ea2:	89 81       	ldd	r24, Y+1	; 0x01
    1ea4:	28 2f       	mov	r18, r24
    1ea6:	30 e0       	ldi	r19, 0x00	; 0
    1ea8:	3c 83       	std	Y+4, r19	; 0x04
    1eaa:	2b 83       	std	Y+3, r18	; 0x03
    1eac:	8b 81       	ldd	r24, Y+3	; 0x03
    1eae:	9c 81       	ldd	r25, Y+4	; 0x04
    1eb0:	81 30       	cpi	r24, 0x01	; 1
    1eb2:	91 05       	cpc	r25, r1
    1eb4:	d1 f0       	breq	.+52     	; 0x1eea <DIO_voidSetPortValue+0x5e>
    1eb6:	2b 81       	ldd	r18, Y+3	; 0x03
    1eb8:	3c 81       	ldd	r19, Y+4	; 0x04
    1eba:	22 30       	cpi	r18, 0x02	; 2
    1ebc:	31 05       	cpc	r19, r1
    1ebe:	2c f4       	brge	.+10     	; 0x1eca <DIO_voidSetPortValue+0x3e>
    1ec0:	8b 81       	ldd	r24, Y+3	; 0x03
    1ec2:	9c 81       	ldd	r25, Y+4	; 0x04
    1ec4:	00 97       	sbiw	r24, 0x00	; 0
    1ec6:	61 f0       	breq	.+24     	; 0x1ee0 <DIO_voidSetPortValue+0x54>
    1ec8:	1e c0       	rjmp	.+60     	; 0x1f06 <DIO_voidSetPortValue+0x7a>
    1eca:	2b 81       	ldd	r18, Y+3	; 0x03
    1ecc:	3c 81       	ldd	r19, Y+4	; 0x04
    1ece:	22 30       	cpi	r18, 0x02	; 2
    1ed0:	31 05       	cpc	r19, r1
    1ed2:	81 f0       	breq	.+32     	; 0x1ef4 <DIO_voidSetPortValue+0x68>
    1ed4:	8b 81       	ldd	r24, Y+3	; 0x03
    1ed6:	9c 81       	ldd	r25, Y+4	; 0x04
    1ed8:	83 30       	cpi	r24, 0x03	; 3
    1eda:	91 05       	cpc	r25, r1
    1edc:	81 f0       	breq	.+32     	; 0x1efe <DIO_voidSetPortValue+0x72>
    1ede:	13 c0       	rjmp	.+38     	; 0x1f06 <DIO_voidSetPortValue+0x7a>
    {
        case PORTA:
        PORTA_REG = Value;
    1ee0:	eb e3       	ldi	r30, 0x3B	; 59
    1ee2:	f0 e0       	ldi	r31, 0x00	; 0
    1ee4:	8a 81       	ldd	r24, Y+2	; 0x02
    1ee6:	80 83       	st	Z, r24
    1ee8:	0e c0       	rjmp	.+28     	; 0x1f06 <DIO_voidSetPortValue+0x7a>
        break;

        case PORTB:
        PORTB_REG = Value;
    1eea:	e8 e3       	ldi	r30, 0x38	; 56
    1eec:	f0 e0       	ldi	r31, 0x00	; 0
    1eee:	8a 81       	ldd	r24, Y+2	; 0x02
    1ef0:	80 83       	st	Z, r24
    1ef2:	09 c0       	rjmp	.+18     	; 0x1f06 <DIO_voidSetPortValue+0x7a>
        break;

        case PORTC:
        PORTC_REG = Value;
    1ef4:	e5 e3       	ldi	r30, 0x35	; 53
    1ef6:	f0 e0       	ldi	r31, 0x00	; 0
    1ef8:	8a 81       	ldd	r24, Y+2	; 0x02
    1efa:	80 83       	st	Z, r24
    1efc:	04 c0       	rjmp	.+8      	; 0x1f06 <DIO_voidSetPortValue+0x7a>
        break;

        case PORTD:
        PORTD_REG = Value;
    1efe:	e2 e3       	ldi	r30, 0x32	; 50
    1f00:	f0 e0       	ldi	r31, 0x00	; 0
    1f02:	8a 81       	ldd	r24, Y+2	; 0x02
    1f04:	80 83       	st	Z, r24
        break;
    }
    }
}
    1f06:	0f 90       	pop	r0
    1f08:	0f 90       	pop	r0
    1f0a:	0f 90       	pop	r0
    1f0c:	0f 90       	pop	r0
    1f0e:	cf 91       	pop	r28
    1f10:	df 91       	pop	r29
    1f12:	08 95       	ret

00001f14 <main>:
#include "Std_Types.h"
#include "../MCAL/DIO_1/DIO_int.h"
#include "../MCAL/LCD_1/LCD_int.h"

int main(void)
{
    1f14:	df 93       	push	r29
    1f16:	cf 93       	push	r28
    1f18:	cd b7       	in	r28, 0x3d	; 61
    1f1a:	de b7       	in	r29, 0x3e	; 62
	DIO_voidInitialization();
    1f1c:	0e 94 d6 0b 	call	0x17ac	; 0x17ac <DIO_voidInitialization>
	LCD_voidLCDInit();
    1f20:	0e 94 9b 05 	call	0xb36	; 0xb36 <LCD_voidLCDInit>
while(1)
{
LCD_voidSendData('M');
    1f24:	8d e4       	ldi	r24, 0x4D	; 77
    1f26:	0e 94 aa 08 	call	0x1154	; 0x1154 <LCD_voidSendData>
    1f2a:	fc cf       	rjmp	.-8      	; 0x1f24 <main+0x10>

00001f2c <__udivmodqi4>:
    1f2c:	99 1b       	sub	r25, r25
    1f2e:	79 e0       	ldi	r23, 0x09	; 9
    1f30:	04 c0       	rjmp	.+8      	; 0x1f3a <__udivmodqi4_ep>

00001f32 <__udivmodqi4_loop>:
    1f32:	99 1f       	adc	r25, r25
    1f34:	96 17       	cp	r25, r22
    1f36:	08 f0       	brcs	.+2      	; 0x1f3a <__udivmodqi4_ep>
    1f38:	96 1b       	sub	r25, r22

00001f3a <__udivmodqi4_ep>:
    1f3a:	88 1f       	adc	r24, r24
    1f3c:	7a 95       	dec	r23
    1f3e:	c9 f7       	brne	.-14     	; 0x1f32 <__udivmodqi4_loop>
    1f40:	80 95       	com	r24
    1f42:	08 95       	ret

00001f44 <__prologue_saves__>:
    1f44:	2f 92       	push	r2
    1f46:	3f 92       	push	r3
    1f48:	4f 92       	push	r4
    1f4a:	5f 92       	push	r5
    1f4c:	6f 92       	push	r6
    1f4e:	7f 92       	push	r7
    1f50:	8f 92       	push	r8
    1f52:	9f 92       	push	r9
    1f54:	af 92       	push	r10
    1f56:	bf 92       	push	r11
    1f58:	cf 92       	push	r12
    1f5a:	df 92       	push	r13
    1f5c:	ef 92       	push	r14
    1f5e:	ff 92       	push	r15
    1f60:	0f 93       	push	r16
    1f62:	1f 93       	push	r17
    1f64:	cf 93       	push	r28
    1f66:	df 93       	push	r29
    1f68:	cd b7       	in	r28, 0x3d	; 61
    1f6a:	de b7       	in	r29, 0x3e	; 62
    1f6c:	ca 1b       	sub	r28, r26
    1f6e:	db 0b       	sbc	r29, r27
    1f70:	0f b6       	in	r0, 0x3f	; 63
    1f72:	f8 94       	cli
    1f74:	de bf       	out	0x3e, r29	; 62
    1f76:	0f be       	out	0x3f, r0	; 63
    1f78:	cd bf       	out	0x3d, r28	; 61
    1f7a:	09 94       	ijmp

00001f7c <__epilogue_restores__>:
    1f7c:	2a 88       	ldd	r2, Y+18	; 0x12
    1f7e:	39 88       	ldd	r3, Y+17	; 0x11
    1f80:	48 88       	ldd	r4, Y+16	; 0x10
    1f82:	5f 84       	ldd	r5, Y+15	; 0x0f
    1f84:	6e 84       	ldd	r6, Y+14	; 0x0e
    1f86:	7d 84       	ldd	r7, Y+13	; 0x0d
    1f88:	8c 84       	ldd	r8, Y+12	; 0x0c
    1f8a:	9b 84       	ldd	r9, Y+11	; 0x0b
    1f8c:	aa 84       	ldd	r10, Y+10	; 0x0a
    1f8e:	b9 84       	ldd	r11, Y+9	; 0x09
    1f90:	c8 84       	ldd	r12, Y+8	; 0x08
    1f92:	df 80       	ldd	r13, Y+7	; 0x07
    1f94:	ee 80       	ldd	r14, Y+6	; 0x06
    1f96:	fd 80       	ldd	r15, Y+5	; 0x05
    1f98:	0c 81       	ldd	r16, Y+4	; 0x04
    1f9a:	1b 81       	ldd	r17, Y+3	; 0x03
    1f9c:	aa 81       	ldd	r26, Y+2	; 0x02
    1f9e:	b9 81       	ldd	r27, Y+1	; 0x01
    1fa0:	ce 0f       	add	r28, r30
    1fa2:	d1 1d       	adc	r29, r1
    1fa4:	0f b6       	in	r0, 0x3f	; 63
    1fa6:	f8 94       	cli
    1fa8:	de bf       	out	0x3e, r29	; 62
    1faa:	0f be       	out	0x3f, r0	; 63
    1fac:	cd bf       	out	0x3d, r28	; 61
    1fae:	ed 01       	movw	r28, r26
    1fb0:	08 95       	ret

00001fb2 <_exit>:
    1fb2:	f8 94       	cli

00001fb4 <__stop_program>:
    1fb4:	ff cf       	rjmp	.-2      	; 0x1fb4 <__stop_program>
